Date, Open, High, Low, Close, Volume
03/21/24, 19.20, 20.50, 17.25, 18.55, 9500
03/20/24, 20.00, 20.00, 19.00, 19.15, 1600
03/19/24, 20.50, 20.90, 20.50, 20.55, 1200
03/18/24, 20.00, 20.85, 19.60, 19.70, 3200
03/15/24, 19.50, 19.60, 19.50, 19.50, 4500
03/14/24, 20.00, 20.95, 19.00, 19.50, 1000
03/13/24, 20.80, 20.80, 20.80, 20.80, 600
03/12/24, 20.60, 20.90, 20.60, 20.85, 800
03/11/24, 20.95, 20.95, 20.85, 20.90, 1000
03/08/24, 19.50, 19.50, 18.10, 19.45, 3300
03/07/24, 20.95, 20.95, 19.25, 19.50, 2800
03/06/24, 21.00, 21.00, 19.85, 20.20, 2100
03/05/24, 21.00, 21.00, 19.00, 19.50, 4800
03/04/24, 20.00, 20.00, 20.00, 20.00, 1800
03/01/24, 21.00, 21.00, 19.90, 19.95, 4700
02/27/24, 22.00, 22.00, 20.00, 21.50, 400
02/26/24, 20.00, 20.00, 20.00, 20.00, 1000
02/23/24, 20.00, 20.00, 20.00, 20.00, 1000
02/22/24, 21.45, 21.45, 20.00, 20.70, 700
02/21/24, 21.80, 21.80, 20.50, 21.40, 500
02/19/24, 21.95, 21.95, 21.00, 21.55, 700
02/16/24, 21.00, 21.50, 21.00, 21.05, 1100
02/15/24, 21.00, 21.00, 21.00, 21.00, 500
02/14/24, 20.00, 22.00, 20.00, 21.00, 200
02/13/24, 22.00, 22.00, 22.00, 22.00, 1500
02/12/24, 22.00, 22.00, 20.00, 20.70, 1400
02/09/24, 20.00, 20.00, 19.90, 20.00, 1100
02/08/24, 22.00, 22.00, 22.00, 22.00, 400
02/07/24, 21.55, 21.95, 21.00, 21.95, 280500
02/05/24, 22.00, 22.00, 21.00, 21.55, 2400
02/02/24, 21.95, 21.95, 21.95, 21.95, 100
02/01/24, 22.00, 22.00, 22.00, 22.00, 1000
01/31/24, 21.00, 21.00, 21.00, 21.00, 1506000
01/29/24, 21.00, 21.00, 21.00, 21.00, 1000
01/26/24, 20.95, 21.00, 20.95, 21.00, 7100
01/25/24, 20.95, 20.95, 20.95, 20.95, 6200
01/24/24, 21.00, 21.00, 21.00, 21.00, 300
01/23/24, 22.00, 22.00, 20.00, 21.05, 7200
01/22/24, 21.00, 21.00, 21.00, 21.00, 1100
01/19/24, 21.00, 21.00, 21.00, 21.00, 2200
01/17/24, 21.00, 21.00, 21.00, 21.00, 200
01/16/24, 21.00, 21.00, 21.00, 21.00, 1000
01/15/24, 22.00, 22.00, 20.00, 21.85, 3300
01/12/24, 22.00, 22.00, 22.00, 22.00, 8700
01/11/24, 22.00, 22.00, 21.95, 22.00, 14600
01/10/24, 20.00, 20.00, 20.00, 20.00, 700
01/09/24, 22.00, 22.00, 20.00, 21.95, 14900
01/08/24, 20.00, 20.00, 20.00, 20.00, 2300
01/05/24, 20.00, 20.00, 20.00, 20.00, 200
01/04/24, 19.75, 19.75, 19.75, 19.75, 1000
01/03/24, 19.80, 19.80, 19.80, 19.80, 100
01/02/24, 20.00, 20.00, 20.00, 20.00, 3300
12/29/23, 20.00, 20.00, 20.00, 20.00, 4600
12/28/23, 20.00, 20.00, 20.00, 20.00, 15200
12/27/23, 20.00, 20.00, 20.00, 20.00, 300
12/22/23, 20.00, 20.00, 20.00, 20.00, 2100
12/21/23, 20.00, 20.00, 19.70, 19.75, 1300
12/20/23, 19.70, 19.70, 19.70, 19.70, 2100
12/19/23, 20.00, 20.00, 20.00, 20.00, 1000
12/18/23, 20.00, 20.00, 20.00, 20.00, 500
12/15/23, 20.00, 20.00, 20.00, 20.00, 2700
12/13/23, 19.70, 20.00, 19.70, 19.80, 1800
12/11/23, 19.70, 19.70, 19.50, 19.50, 7900
12/07/23, 20.00, 20.00, 19.50, 19.70, 3300
12/06/23, 20.00, 20.00, 20.00, 20.00, 500
12/05/23, 19.95, 20.00, 19.95, 20.00, 2600
12/04/23, 20.00, 20.00, 19.50, 19.85, 12700
12/01/23, 20.00, 20.00, 20.00, 20.00, 1800
11/30/23, 19.00, 19.00, 18.35, 18.95, 1800
11/29/23, 19.90, 20.00, 19.80, 19.85, 6600
11/28/23, 19.80, 20.00, 19.80, 19.90, 800
11/27/23, 19.80, 20.00, 19.80, 19.80, 1200
11/24/23, 20.00, 20.00, 20.00, 20.00, 7000
11/23/23, 20.00, 20.00, 20.00, 20.00, 8100
11/22/23, 18.20, 18.20, 18.20, 18.20, 1200
11/21/23, 19.00, 19.00, 18.20, 18.85, 1400
11/20/23, 18.80, 18.80, 18.10, 18.70, 1500
11/17/23, 18.45, 18.45, 18.45, 18.45, 300
11/15/23, 18.65, 18.65, 18.00, 18.45, 3600
11/14/23, 18.90, 19.00, 18.55, 18.80, 1900
11/10/23, 18.65, 19.00, 18.65, 18.90, 300
11/09/23, 19.00, 19.00, 19.00, 19.00, 300
11/08/23, 19.00, 19.00, 19.00, 19.00, 400
11/07/23, 19.80, 19.80, 18.55, 19.80, 15100
11/06/23, 20.00, 20.00, 19.80, 19.80, 900
11/03/23, 22.00, 22.00, 19.80, 20.45, 2900
11/02/23, 22.00, 22.00, 22.00, 22.00, 100
10/31/23, 22.00, 22.00, 21.95, 22.00, 22400
10/30/23, 21.80, 21.80, 21.80, 21.80, 100
10/26/23, 23.95, 24.00, 23.95, 24.00, 200
10/25/23, 21.95, 21.95, 21.90, 21.95, 1900
10/24/23, 21.95, 21.95, 21.00, 21.40, 2000
10/23/23, 21.50, 21.95, 21.50, 21.65, 300
10/19/23, 21.95, 21.95, 19.80, 21.10, 300
10/18/23, 22.00, 22.00, 21.60, 21.95, 13100
10/17/23, 23.00, 23.00, 23.00, 23.00, 600
10/16/23, 23.80, 23.80, 22.00, 22.45, 400
10/12/23, 21.70, 21.70, 21.70, 21.70, 100
10/11/23, 22.00, 22.00, 22.00, 22.00, 1400
10/09/23, 22.00, 22.00, 22.00, 22.00, 2000
10/06/23, 22.00, 22.00, 21.50, 21.70, 17000
10/05/23, 23.00, 23.00, 22.25, 22.95, 4700
10/04/23, 22.10, 23.00, 22.10, 22.35, 1100
10/03/23, 22.00, 23.00, 21.50, 22.10, 2300
10/02/23, 24.05, 24.05, 23.50, 23.85, 3200
09/29/23, 24.10, 24.70, 24.00, 24.10, 4500
09/28/23, 26.00, 26.00, 24.10, 24.70, 800
09/27/23, 25.00, 25.00, 25.00, 25.00, 400
09/25/23, 24.00, 24.00, 24.00, 24.00, 100
09/22/23, 26.00, 26.00, 26.00, 26.00, 200
09/21/23, 26.00, 26.00, 23.50, 23.80, 6900
09/19/23, 26.00, 26.00, 26.00, 26.00, 100
09/18/23, 24.00, 24.00, 23.50, 23.80, 900
09/15/23, 23.10, 23.10, 23.10, 23.10, 1000
09/14/23, 23.05, 23.05, 23.00, 23.05, 75000
09/13/23, 23.05, 23.05, 23.00, 23.05, 3700
09/11/23, 22.50, 24.00, 22.50, 22.75, 2400
09/07/23, 24.00, 24.00, 24.00, 24.00, 100
09/06/23, 23.50, 24.00, 23.50, 23.75, 4700
09/05/23, 24.00, 24.00, 23.65, 24.00, 5500
09/04/23, 24.00, 24.00, 24.00, 24.00, 1000
09/01/23, 24.00, 24.00, 23.25, 23.65, 200
08/31/23, 23.00, 24.00, 23.00, 23.50, 200
08/30/23, 22.50, 24.00, 22.50, 23.25, 1100
08/29/23, 24.00, 24.00, 22.50, 23.80, 2900
08/28/23, 25.00, 25.00, 24.00, 24.15, 1400
08/25/23, 25.00, 25.00, 25.00, 25.00, 1300
08/24/23, 25.00, 25.00, 25.00, 25.00, 700
08/23/23, 26.25, 26.25, 26.00, 26.20, 11500
08/18/23, 26.00, 26.00, 26.00, 26.00, 600
08/15/23, 29.00, 29.00, 24.25, 26.25, 2200
08/14/23, 26.90, 29.00, 26.90, 26.90, 30100
08/11/23, 26.90, 26.90, 26.90, 26.90, 100
08/10/23, 26.50, 28.00, 26.00, 26.90, 1200
08/09/23, 26.50, 26.50, 26.50, 26.50, 100
08/07/23, 25.80, 28.30, 25.80, 26.20, 5100
08/04/23, 25.85, 25.85, 25.80, 25.80, 10200
08/03/23, 25.80, 25.80, 25.80, 25.80, 2500
08/02/23, 24.50, 25.80, 24.00, 25.65, 10700
08/01/23, 24.50, 24.50, 24.50, 24.50, 300
07/31/23, 24.50, 24.50, 24.50, 24.50, 1600
07/28/23, 25.80, 25.80, 25.00, 25.30, 500
07/25/23, 27.00, 27.00, 25.70, 25.80, 5500
07/24/23, 27.00, 27.00, 27.00, 27.00, 1200
07/21/23, 27.00, 27.00, 27.00, 27.00, 100
07/20/23, 28.00, 28.00, 28.00, 28.00, 100
07/19/23, 29.00, 29.00, 29.00, 29.00, 900
07/18/23, 28.50, 29.00, 27.00, 27.90, 9300
07/17/23, 29.00, 29.00, 29.00, 29.00, 300
07/14/23, 29.00, 29.00, 29.00, 29.00, 2000
07/13/23, 28.50, 29.00, 28.00, 28.20, 17500
07/12/23, 28.00, 28.00, 28.00, 28.00, 1000
07/11/23, 30.00, 30.00, 29.00, 29.15, 600
07/10/23, 30.50, 30.50, 30.50, 30.50, 100
07/07/23, 29.00, 29.00, 29.00, 29.00, 4200
07/06/23, 30.50, 30.50, 29.85, 30.05, 300
07/05/23, 29.85, 29.85, 29.85, 29.85, 300
07/03/23, 30.50, 30.50, 29.75, 29.85, 4700
06/30/23, 30.00, 30.00, 30.00, 30.00, 100
06/29/23, 29.80, 29.80, 29.80, 29.80, 400
06/27/23, 30.80, 30.80, 30.80, 30.80, 100
06/26/23, 30.00, 32.60, 29.75, 30.80, 300
06/23/23, 30.00, 30.00, 28.00, 29.75, 1900
06/22/23, 30.00, 30.00, 30.00, 30.00, 200
06/21/23, 30.00, 30.00, 30.00, 30.00, 100
06/20/23, 30.00, 30.00, 30.00, 30.00, 15800
06/19/23, 30.00, 30.00, 30.00, 30.00, 100
06/16/23, 30.00, 30.00, 30.00, 30.00, 200
06/15/23, 30.00, 30.00, 30.00, 30.00, 49000
06/14/23, 30.00, 30.00, 30.00, 30.00, 54500
06/13/23, 30.00, 30.00, 30.00, 30.00, 25000
06/12/23, 30.00, 31.00, 27.30, 29.85, 9800
06/09/23, 30.00, 30.00, 30.00, 30.00, 4000
06/08/23, 30.00, 30.00, 28.00, 29.75, 7000
06/07/23, 27.10, 31.00, 26.00, 27.30, 1300
06/06/23, 31.00, 31.00, 28.50, 28.70, 1300
06/05/23, 31.00, 31.00, 31.00, 31.00, 200
06/02/23, 28.50, 28.50, 28.50, 28.50, 400
05/31/23, 28.00, 28.55, 26.00, 27.10, 1800
05/30/23, 26.00, 26.00, 26.00, 26.00, 1000
05/29/23, 28.00, 28.00, 26.00, 26.20, 2700
05/26/23, 25.35, 27.15, 25.00, 26.15, 2000
05/25/23, 27.00, 27.25, 27.00, 27.15, 9900
05/24/23, 27.25, 27.25, 27.25, 27.25, 3100
05/23/23, 27.50, 27.50, 27.00, 27.25, 200
05/22/23, 29.00, 29.00, 27.70, 28.15, 300
05/19/23, 27.50, 30.00, 27.50, 28.75, 200
05/18/23, 31.00, 31.00, 28.70, 29.90, 300
05/17/23, 30.00, 30.00, 27.70, 28.65, 2400
05/16/23, 30.00, 30.00, 30.00, 30.00, 100
05/15/23, 31.30, 31.30, 31.00, 31.05, 600
05/12/23, 31.30, 31.30, 31.30, 31.30, 1600
05/11/23, 31.00, 31.40, 31.00, 31.30, 400
05/10/23, 31.40, 31.40, 31.40, 31.40, 100
05/09/23, 31.50, 31.50, 27.70, 28.55, 700
05/08/23, 31.50, 31.50, 28.90, 29.75, 300
05/05/23, 29.00, 29.00, 27.50, 28.65, 700
05/04/23, 28.90, 28.90, 28.90, 28.90, 100
05/03/23, 29.00, 29.00, 28.90, 28.90, 600
04/27/23, 27.10, 27.80, 27.10, 27.45, 200
04/26/23, 27.00, 27.10, 27.00, 27.00, 1200
04/25/23, 28.00, 28.00, 28.00, 28.00, 300
04/24/23, 27.80, 28.00, 27.00, 27.40, 1900
04/20/23, 27.80, 27.80, 27.80, 27.80, 1200
04/19/23, 27.80, 27.80, 27.00, 27.40, 6800
04/18/23, 29.90, 29.90, 27.00, 27.80, 4400
04/17/23, 27.15, 29.90, 27.00, 27.35, 2500
04/14/23, 29.00, 29.00, 27.00, 27.20, 6100
04/13/23, 29.90, 29.90, 29.00, 29.05, 3800
04/12/23, 29.00, 29.90, 29.00, 29.15, 1800
04/11/23, 29.00, 29.00, 29.00, 29.00, 13600
04/06/23, 29.00, 29.50, 29.00, 29.00, 4800
04/05/23, 27.90, 29.00, 27.50, 27.90, 11800
04/04/23, 27.90, 27.90, 27.90, 27.90, 5000
04/03/23, 25.75, 25.75, 25.70, 25.70, 600
03/31/23, 26.00, 26.00, 25.70, 25.75, 500
03/30/23, 27.00, 27.00, 26.80, 26.95, 2100
03/29/23, 27.00, 27.00, 27.00, 27.00, 1300
03/28/23, 27.00, 27.00, 27.00, 27.00, 200
03/27/23, 25.60, 25.60, 25.60, 25.60, 5200
03/24/23, 25.60, 25.60, 25.60, 25.60, 100
03/23/23, 26.90, 26.90, 25.50, 25.55, 3900
03/22/23, 27.00, 27.00, 26.90, 26.90, 500
03/21/23, 27.00, 27.00, 25.50, 25.85, 900
03/20/23, 26.95, 27.00, 26.95, 27.00, 7700
03/17/23, 25.10, 25.20, 25.10, 25.10, 10600
03/16/23, 25.00, 26.95, 25.00, 25.10, 10000
03/15/23, 25.45, 25.45, 25.45, 25.45, 300
03/14/23, 25.50, 25.90, 25.00, 25.45, 5500
03/10/23, 25.00, 25.00, 25.00, 25.00, 500
03/09/23, 24.95, 25.00, 24.95, 24.95, 2100
03/08/23, 24.00, 25.00, 22.00, 24.40, 8500
03/07/23, 22.40, 24.00, 22.40, 22.85, 1200
03/06/23, 22.40, 24.00, 22.00, 22.55, 1300
03/02/23, 22.00, 22.00, 22.00, 22.00, 700
03/01/23, 22.50, 22.50, 22.00, 22.40, 1600
02/28/23, 22.00, 22.50, 22.00, 22.25, 400
02/24/23, 22.00, 22.00, 22.00, 22.00, 200
02/23/23, 23.00, 23.00, 22.00, 22.60, 400
02/22/23, 22.00, 23.00, 22.00, 22.30, 36600
02/21/23, 21.50, 21.55, 21.50, 21.55, 1800
02/20/23, 21.50, 21.50, 21.50, 21.50, 400
02/17/23, 21.50, 21.50, 21.50, 21.50, 100
02/16/23, 21.60, 21.60, 21.00, 21.10, 800
02/15/23, 22.00, 23.00, 21.50, 21.65, 2700
02/14/23, 21.60, 21.60, 21.60, 21.60, 4100
02/13/23, 23.00, 23.00, 21.60, 22.40, 19200
02/10/23, 21.50, 23.00, 21.50, 22.55, 50700
02/09/23, 21.50, 21.50, 21.50, 21.50, 4000
02/08/23, 21.50, 21.50, 21.50, 21.50, 3100
02/07/23, 21.50, 21.50, 21.50, 21.50, 100
02/06/23, 23.00, 23.00, 21.50, 21.70, 800
02/03/23, 23.00, 23.00, 23.00, 23.00, 100
02/02/23, 21.50, 21.50, 21.50, 21.50, 1700
02/01/23, 21.50, 23.00, 21.50, 21.60, 7100
01/31/23, 21.00, 21.30, 21.00, 21.10, 6900
01/30/23, 20.90, 21.50, 20.90, 21.05, 8500
01/26/23, 21.00, 21.00, 21.00, 21.00, 100
01/24/23, 21.00, 21.00, 21.00, 21.00, 2100
01/23/23, 21.30, 21.30, 21.25, 21.30, 500
01/20/23, 21.45, 21.45, 21.45, 21.45, 400
01/18/23, 20.00, 21.45, 20.00, 20.30, 5000
01/17/23, 20.50, 20.50, 20.50, 20.50, 13900
01/16/23, 21.75, 21.75, 20.50, 20.65, 1000
01/13/23, 21.90, 21.90, 20.50, 21.40, 3900
01/12/23, 22.00, 22.00, 20.50, 20.90, 3000
01/11/23, 22.30, 22.30, 21.00, 21.90, 10700
01/10/23, 21.70, 22.30, 21.65, 22.10, 5200
01/09/23, 22.00, 22.45, 22.00, 22.40, 4600
01/06/23, 22.50, 22.50, 21.70, 21.95, 300
01/05/23, 22.50, 22.50, 22.00, 22.40, 4800
01/04/23, 22.15, 22.50, 22.10, 22.45, 6000
01/03/23, 22.00, 22.50, 22.00, 22.45, 6900
12/30/22, 22.10, 22.50, 22.10, 22.45, 10800
12/29/22, 21.00, 21.00, 21.00, 21.00, 100
12/28/22, 22.50, 22.50, 20.50, 22.05, 900
12/23/22, 22.50, 22.50, 22.50, 22.50, 1000
12/21/22, 22.25, 22.25, 22.00, 22.05, 9600
12/20/22, 22.05, 22.25, 22.00, 22.20, 5100
12/19/22, 21.75, 22.25, 21.75, 22.00, 26600
12/16/22, 22.00, 22.00, 22.00, 22.00, 1000
12/15/22, 21.90, 22.00, 21.00, 21.90, 6300
12/14/22, 21.90, 21.90, 21.10, 21.80, 1700
12/09/22, 22.00, 22.00, 21.30, 22.00, 36700
12/08/22, 22.00, 22.00, 22.00, 22.00, 300
12/07/22, 22.00, 22.00, 21.05, 21.40, 1600
12/06/22, 22.00, 22.00, 22.00, 22.00, 8100
12/05/22, 22.00, 22.00, 22.00, 22.00, 600
12/02/22, 22.00, 22.00, 21.05, 21.95, 3400
11/29/22, 21.00, 21.00, 21.00, 21.00, 400
11/28/22, 22.25, 23.00, 21.00, 22.15, 9400
11/25/22, 21.00, 22.50, 21.00, 22.35, 1100
11/24/22, 21.00, 21.00, 21.00, 21.00, 3100
11/23/22, 20.95, 21.00, 20.95, 21.00, 13700
11/22/22, 22.00, 22.00, 22.00, 22.00, 100
11/21/22, 20.95, 21.00, 20.95, 21.00, 92200
11/18/22, 20.00, 20.95, 20.00, 20.70, 4000
11/17/22, 20.00, 20.00, 20.00, 20.00, 200
11/16/22, 20.50, 20.50, 20.50, 20.50, 3100
11/15/22, 20.50, 22.45, 20.50, 21.00, 400
11/14/22, 20.50, 20.50, 20.50, 20.50, 6300
11/11/22, 20.50, 20.50, 20.50, 20.50, 200
11/10/22, 22.00, 22.05, 22.00, 22.00, 10500
11/09/22, 22.25, 22.25, 22.00, 22.05, 700
11/08/22, 22.25, 22.25, 22.00, 22.25, 5200
11/07/22, 22.00, 22.00, 22.00, 22.00, 800
11/04/22, 20.95, 22.00, 20.95, 21.00, 10500
11/03/22, 20.95, 20.95, 20.50, 20.85, 900
11/02/22, 22.00, 22.00, 21.00, 21.20, 700
10/31/22, 21.00, 21.00, 21.00, 21.00, 24500
10/28/22, 21.00, 21.00, 21.00, 21.00, 1000
10/26/22, 21.00, 21.00, 21.00, 21.00, 300
10/25/22, 20.95, 20.95, 20.00, 20.30, 1500
10/21/22, 20.90, 21.95, 20.00, 20.95, 4500
10/19/22, 20.45, 21.00, 20.45, 20.80, 1200
10/18/22, 20.45, 20.45, 20.00, 20.05, 1300
10/17/22, 20.00, 20.45, 20.00, 20.45, 3600
10/14/22, 19.80, 21.00, 19.45, 21.00, 19700
10/13/22, 21.95, 21.95, 21.00, 21.55, 800
10/11/22, 22.00, 22.00, 21.50, 21.95, 1900
10/07/22, 23.00, 23.70, 23.00, 23.05, 1300
10/06/22, 23.00, 23.00, 23.00, 23.00, 200
10/05/22, 23.70, 23.70, 23.70, 23.70, 3300
10/04/22, 23.00, 23.00, 23.00, 23.00, 600
10/03/22, 24.00, 24.00, 23.70, 23.75, 5300
09/30/22, 23.50, 24.00, 23.50, 23.75, 400
09/29/22, 23.50, 23.90, 23.50, 23.85, 1100
09/28/22, 23.90, 23.90, 23.90, 23.90, 900
09/27/22, 23.90, 23.90, 23.90, 23.90, 1200
09/26/22, 23.90, 24.00, 23.90, 23.95, 4500
09/23/22, 23.90, 23.90, 23.90, 23.90, 4200
09/22/22, 23.00, 24.00, 23.00, 23.90, 1100
09/21/22, 24.00, 24.00, 24.00, 24.00, 500
09/20/22, 22.00, 24.00, 22.00, 22.35, 1400
09/19/22, 22.10, 22.10, 22.10, 22.10, 1900
09/16/22, 22.10, 22.10, 22.10, 22.10, 2500
09/15/22, 22.10, 22.10, 22.10, 22.10, 1000
09/14/22, 23.95, 23.95, 22.10, 23.60, 500
09/12/22, 22.10, 22.10, 22.10, 22.10, 700
09/09/22, 23.00, 23.50, 23.00, 23.20, 2800
09/08/22, 23.00, 23.00, 23.00, 23.00, 100
09/07/22, 22.50, 23.00, 22.00, 22.50, 3500
09/06/22, 23.50, 23.50, 22.00, 22.50, 1100
09/05/22, 23.50, 23.50, 23.00, 23.15, 300
09/02/22, 22.05, 23.00, 22.05, 22.15, 1000
09/01/22, 22.00, 22.60, 22.00, 22.10, 500
08/30/22, 23.00, 23.50, 23.00, 23.15, 700
08/29/22, 23.50, 23.50, 23.00, 23.25, 200
08/26/22, 22.50, 22.50, 21.15, 21.70, 1100
08/25/22, 23.50, 23.50, 23.50, 23.50, 200
08/24/22, 24.00, 24.00, 24.00, 24.00, 200
08/23/22, 24.00, 24.00, 22.50, 23.50, 300
08/22/22, 22.60, 24.00, 20.05, 22.70, 800
08/19/22, 22.60, 22.60, 20.40, 22.25, 6300
08/17/22, 22.60, 22.60, 22.60, 22.60, 100
08/16/22, 22.00, 22.45, 22.00, 22.20, 700
08/15/22, 20.80, 21.00, 20.80, 20.95, 600
08/11/22, 20.55, 21.05, 20.55, 20.80, 600
08/08/22, 20.00, 21.05, 20.00, 20.55, 200
08/05/22, 21.00, 21.00, 21.00, 21.00, 500
08/04/22, 21.00, 21.00, 21.00, 21.00, 500
08/03/22, 21.00, 21.00, 19.00, 19.50, 1000
08/02/22, 21.00, 21.00, 21.00, 21.00, 100
08/01/22, 21.00, 21.00, 21.00, 21.00, 300
07/29/22, 19.85, 21.00, 19.80, 20.40, 400
07/28/22, 19.85, 19.85, 19.85, 19.85, 100
07/27/22, 21.90, 21.90, 19.80, 20.50, 300
07/22/22, 22.20, 22.20, 21.85, 21.90, 1300
07/21/22, 21.85, 22.60, 21.85, 22.25, 200
07/20/22, 21.85, 21.85, 21.85, 21.85, 100
07/19/22, 22.20, 22.60, 22.20, 22.50, 800
07/18/22, 22.20, 22.20, 22.00, 22.15, 400
07/15/22, 22.00, 22.20, 22.00, 22.00, 6700
07/14/22, 22.00, 22.00, 22.00, 22.00, 4000
07/13/22, 22.00, 22.00, 22.00, 22.00, 100
07/12/22, 20.80, 20.80, 20.80, 20.80, 4600
07/08/22, 20.80, 20.80, 20.80, 20.80, 1900
07/07/22, 19.00, 19.40, 19.00, 19.25, 2500
07/06/22, 19.00, 19.00, 19.00, 19.00, 200
07/04/22, 19.00, 19.00, 19.00, 19.00, 200
06/30/22, 19.00, 19.00, 19.00, 19.00, 600
06/24/22, 19.40, 19.40, 19.40, 19.40, 400
06/23/22, 21.50, 22.00, 19.40, 20.80, 4500
06/22/22, 21.50, 21.50, 21.50, 21.50, 1800
06/21/22, 21.50, 21.50, 21.05, 21.40, 400
06/20/22, 20.50, 21.05, 20.50, 21.00, 1000
06/17/22, 20.50, 20.50, 20.50, 20.50, 600
06/16/22, 20.50, 20.50, 20.50, 20.50, 200
06/15/22, 20.50, 21.05, 20.50, 20.80, 1500
06/14/22, 20.50, 20.50, 20.50, 20.50, 400
06/13/22, 20.50, 20.50, 20.50, 20.50, 100
06/10/22, 21.00, 21.05, 21.00, 21.05, 200
06/07/22, 20.50, 20.50, 20.50, 20.50, 900
06/06/22, 20.50, 20.50, 20.00, 20.05, 3000
06/02/22, 20.50, 20.50, 20.50, 20.50, 400
05/31/22, 20.50, 20.50, 20.05, 20.15, 600
05/30/22, 20.50, 20.50, 20.50, 20.50, 100
05/27/22, 20.50, 20.50, 20.50, 20.50, 4500
05/26/22, 20.50, 20.50, 20.50, 20.50, 1900
05/25/22, 20.50, 20.50, 20.50, 20.50, 1500
05/24/22, 20.80, 20.80, 20.80, 20.80, 600
05/23/22, 21.00, 21.00, 20.80, 20.90, 200
05/20/22, 21.00, 21.00, 21.00, 21.00, 100
05/19/22, 21.00, 21.00, 20.50, 20.80, 800
05/18/22, 20.50, 21.00, 20.50, 20.70, 7700
05/17/22, 20.80, 20.80, 20.50, 20.55, 3100
05/16/22, 20.75, 21.00, 20.75, 20.80, 600
05/13/22, 21.00, 21.00, 20.70, 20.75, 11300
05/12/22, 20.50, 21.55, 20.50, 21.05, 4000
05/11/22, 20.70, 20.70, 20.00, 20.25, 300
05/09/22, 19.20, 20.50, 19.20, 19.25, 2000
05/05/22, 19.20, 21.00, 19.20, 20.85, 1100
05/04/22, 19.50, 21.10, 19.50, 19.65, 1100
04/28/22, 21.00, 21.20, 21.00, 21.10, 1300
04/26/22, 20.50, 21.40, 20.50, 21.20, 5100
04/25/22, 20.50, 20.50, 20.50, 20.50, 500
04/21/22, 21.00, 21.00, 21.00, 21.00, 300
04/20/22, 21.00, 21.00, 21.00, 21.00, 100
04/19/22, 20.00, 20.00, 19.50, 19.50, 3800
04/14/22, 19.50, 19.50, 19.15, 19.35, 5300
04/13/22, 20.30, 20.30, 19.00, 19.65, 600
04/08/22, 18.60, 18.60, 18.60, 18.60, 3000
04/07/22, 18.60, 18.60, 18.60, 18.60, 1000
04/06/22, 18.60, 18.90, 18.60, 18.75, 200
04/05/22, 18.50, 18.90, 18.50, 18.60, 23100
04/01/22, 18.60, 18.60, 18.60, 18.60, 1500
03/31/22, 19.00, 19.00, 18.60, 18.65, 1400
03/30/22, 18.60, 18.60, 18.60, 18.60, 3000
03/29/22, 18.50, 18.50, 18.50, 18.50, 200
03/28/22, 18.20, 18.60, 18.20, 18.45, 1100
03/25/22, 18.60, 18.60, 18.60, 18.60, 4900
03/24/22, 19.05, 19.05, 18.30, 18.35, 1100
03/23/22, 19.65, 20.00, 18.20, 19.05, 2200
03/22/22, 18.50, 18.50, 17.90, 18.20, 200
03/21/22, 17.90, 19.50, 17.90, 19.25, 1200
03/18/22, 17.90, 17.90, 17.90, 17.90, 300
03/17/22, 18.30, 19.70, 17.90, 18.45, 2200
03/15/22, 19.70, 19.70, 19.70, 19.70, 400
03/14/22, 19.00, 19.75, 19.00, 19.25, 2100
03/11/22, 19.75, 19.75, 19.75, 19.75, 1900
03/10/22, 18.25, 20.05, 18.00, 18.00, 72500
03/09/22, 18.30, 18.30, 18.30, 18.30, 100
03/08/22, 18.30, 18.30, 18.00, 18.25, 1400
03/07/22, 18.30, 18.30, 18.30, 18.30, 600
03/04/22, 18.30, 18.30, 18.00, 18.10, 47200
03/03/22, 18.30, 18.30, 18.30, 18.30, 5100
03/02/22, 19.00, 19.00, 18.30, 18.60, 500
03/01/22, 19.00, 19.00, 19.00, 19.00, 16000
02/28/22, 20.10, 20.10, 19.00, 20.05, 10500
02/25/22, 20.10, 20.10, 20.00, 20.10, 12700
02/24/22, 20.10, 21.00, 20.00, 20.05, 40200
02/23/22, 22.10, 22.10, 20.00, 21.40, 600
02/22/22, 21.90, 22.20, 20.10, 21.70, 6800
02/21/22, 20.95, 22.30, 20.10, 20.20, 21100
02/18/22, 20.95, 22.30, 20.95, 21.40, 300
02/17/22, 21.50, 21.85, 21.00, 21.50, 1200
02/16/22, 20.00, 22.30, 20.00, 20.95, 900
02/15/22, 21.00, 21.00, 20.10, 20.85, 6300
02/14/22, 20.10, 22.30, 20.10, 20.80, 700
02/11/22, 22.30, 22.30, 22.30, 22.30, 300
02/10/22, 21.00, 21.00, 20.10, 20.95, 10600
02/09/22, 21.10, 21.10, 21.00, 21.00, 900
02/08/22, 21.00, 22.50, 20.50, 21.10, 17700
02/07/22, 21.00, 21.00, 21.00, 21.00, 2800
02/04/22, 21.00, 21.00, 21.00, 21.00, 200
02/03/22, 21.00, 21.00, 21.00, 21.00, 5200
02/02/22, 21.00, 21.00, 21.00, 21.00, 100
02/01/22, 21.00, 21.00, 21.00, 21.00, 200
01/28/22, 21.00, 21.95, 21.00, 21.00, 10100
01/27/22, 21.00, 21.50, 21.00, 21.10, 1300
01/25/22, 21.85, 21.85, 20.00, 21.00, 6700
01/24/22, 21.00, 21.85, 21.00, 21.10, 4300
01/21/22, 21.50, 21.50, 20.05, 20.95, 1100
01/20/22, 20.00, 21.50, 20.00, 20.35, 1000
01/19/22, 20.25, 21.00, 20.00, 20.05, 7600
01/18/22, 21.85, 21.85, 20.00, 20.55, 4800
01/17/22, 21.05, 22.45, 21.05, 21.85, 5100
01/14/22, 22.00, 22.30, 20.55, 21.05, 86100
01/13/22, 22.20, 22.20, 22.20, 22.20, 1200
01/12/22, 21.00, 22.50, 21.00, 22.20, 14600
01/11/22, 20.55, 20.55, 20.55, 20.55, 1100
01/10/22, 20.55, 20.55, 20.55, 20.55, 1600
01/07/22, 21.00, 21.85, 21.00, 21.25, 1100
01/06/22, 20.55, 21.00, 20.00, 20.25, 2600
01/05/22, 18.70, 20.00, 18.70, 19.95, 2100
12/30/21, 18.70, 18.70, 18.70, 18.70, 100
12/29/21, 20.75, 20.75, 20.75, 20.75, 2000
12/28/21, 21.90, 21.90, 21.90, 21.90, 100
12/24/21, 21.95, 21.95, 21.50, 21.90, 23400
12/23/21, 21.95, 21.95, 21.95, 21.95, 100
12/22/21, 21.95, 21.95, 20.75, 21.85, 6000
12/21/21, 21.95, 21.95, 21.95, 21.95, 3500
12/17/21, 21.00, 21.00, 19.50, 20.30, 1400
12/16/21, 20.60, 20.60, 20.50, 20.55, 200
12/15/21, 21.00, 22.60, 20.00, 22.40, 5600
12/14/21, 20.60, 21.80, 20.00, 20.60, 2500
12/10/21, 20.60, 20.60, 20.60, 20.60, 3000
12/09/21, 19.00, 19.00, 18.40, 18.85, 1300
12/07/21, 18.30, 18.40, 18.30, 18.40, 2900
12/06/21, 19.00, 19.00, 18.40, 18.40, 3900
12/03/21, 19.00, 19.00, 19.00, 19.00, 2000
12/02/21, 19.00, 19.00, 19.00, 19.00, 14800
12/01/21, 19.00, 19.00, 18.30, 19.00, 54700
11/29/21, 18.20, 18.20, 18.20, 18.20, 100
11/26/21, 18.10, 18.10, 18.10, 18.10, 500
11/22/21, 18.00, 18.00, 18.00, 18.00, 2200
11/19/21, 19.00, 19.00, 18.00, 18.65, 300
11/17/21, 18.00, 18.00, 18.00, 18.00, 2200
11/16/21, 18.25, 18.25, 18.25, 18.25, 200
11/15/21, 19.30, 19.30, 18.00, 18.25, 1100
11/12/21, 18.00, 19.90, 18.00, 18.10, 2400
11/11/21, 18.00, 19.30, 18.00, 18.45, 300
11/10/21, 19.00, 19.00, 19.00, 19.00, 15300
11/09/21, 19.90, 19.90, 19.00, 19.00, 11600
11/08/21, 19.10, 20.00, 19.10, 19.90, 10000
11/05/21, 20.00, 20.00, 19.50, 19.65, 700
11/03/21, 20.00, 20.00, 20.00, 20.00, 100
11/02/21, 19.75, 19.75, 19.00, 19.05, 2200
11/01/21, 20.00, 20.00, 20.00, 20.00, 8200
10/29/21, 20.00, 20.00, 19.00, 19.95, 8300
10/28/21, 19.80, 20.00, 19.80, 20.00, 3100
10/27/21, 19.80, 19.80, 19.00, 19.50, 500
10/26/21, 19.00, 19.00, 19.00, 19.00, 1100
10/25/21, 20.00, 20.45, 19.00, 19.80, 1600
10/22/21, 21.00, 21.00, 21.00, 21.00, 2000
10/21/21, 21.00, 21.00, 20.00, 20.25, 400
10/19/21, 20.00, 21.50, 19.10, 21.50, 9924000
10/18/21, 20.00, 20.00, 20.00, 20.00, 300
10/15/21, 20.00, 20.00, 19.00, 19.05, 22300
10/14/21, 20.00, 20.00, 19.00, 19.10, 7300
10/13/21, 19.50, 19.50, 19.00, 19.15, 1100
10/12/21, 20.00, 20.00, 19.00, 19.85, 1700
10/08/21, 19.00, 19.00, 19.00, 19.00, 3100
10/07/21, 19.10, 19.10, 19.10, 19.10, 1900
10/06/21, 19.10, 19.10, 19.10, 19.10, 1100
10/05/21, 19.95, 19.95, 19.95, 19.95, 600
10/04/21, 20.00, 20.00, 18.60, 19.10, 1400
10/01/21, 20.00, 20.20, 20.00, 20.00, 20300
09/30/21, 20.00, 20.00, 20.00, 20.00, 31200
09/29/21, 20.25, 20.25, 20.00, 20.05, 1700
09/28/21, 20.25, 20.25, 20.00, 20.20, 13900
09/27/21, 20.25, 20.25, 20.00, 20.25, 1100
09/24/21, 21.20, 21.20, 20.00, 20.10, 1400
09/23/21, 20.00, 20.00, 20.00, 20.00, 4200
09/22/21, 19.90, 19.95, 19.90, 19.95, 8500
09/21/21, 19.95, 19.95, 19.90, 19.90, 1000
09/20/21, 20.70, 20.70, 19.60, 19.65, 20300
09/17/21, 20.15, 20.15, 20.00, 20.15, 4200
09/16/21, 20.70, 20.70, 20.15, 20.30, 400
09/15/21, 21.25, 21.25, 20.30, 20.35, 46200
09/14/21, 20.40, 21.40, 20.40, 20.75, 16900
09/13/21, 20.30, 20.50, 20.30, 20.45, 3200
09/10/21, 19.50, 20.30, 19.50, 20.15, 6000
09/09/21, 19.50, 19.50, 19.50, 19.50, 400
09/08/21, 19.00, 19.00, 18.70, 18.80, 300
09/07/21, 18.70, 19.00, 18.70, 18.70, 11100
09/06/21, 18.70, 18.70, 18.70, 18.70, 100
09/03/21, 18.70, 18.70, 18.70, 18.70, 1000
09/01/21, 18.50, 18.50, 18.50, 18.50, 1700
08/31/21, 18.65, 19.00, 18.65, 18.70, 1300
08/30/21, 19.95, 19.95, 19.00, 19.85, 1100
08/27/21, 18.50, 19.00, 18.50, 18.65, 1800
08/26/21, 19.00, 19.00, 19.00, 19.00, 1200
08/25/21, 19.95, 20.00, 19.00, 19.85, 6900
08/24/21, 20.00, 20.00, 20.00, 20.00, 1300
08/23/21, 19.95, 19.95, 19.95, 19.95, 1000
08/20/21, 20.00, 20.00, 20.00, 20.00, 1000
08/19/21, 19.70, 19.70, 19.70, 19.70, 1000
08/18/21, 19.00, 19.00, 19.00, 19.00, 200
08/17/21, 19.00, 19.95, 19.00, 19.90, 1700
08/16/21, 19.75, 19.95, 19.00, 19.70, 2400
08/13/21, 20.00, 20.00, 19.00, 19.30, 2700
08/12/21, 19.95, 20.00, 19.75, 19.95, 3500
08/11/21, 19.90, 19.90, 19.50, 19.80, 400
08/10/21, 19.90, 20.00, 19.90, 19.95, 3400
08/09/21, 19.50, 19.50, 19.50, 19.50, 100
08/06/21, 20.00, 20.00, 20.00, 20.00, 1000
08/05/21, 19.95, 20.00, 19.95, 20.00, 4300
08/04/21, 19.95, 19.95, 19.95, 19.95, 100
08/03/21, 19.95, 19.95, 19.95, 19.95, 500
08/02/21, 19.20, 19.50, 19.20, 19.45, 400
07/30/21, 19.20, 19.20, 19.20, 19.20, 300
07/29/21, 19.50, 19.50, 19.50, 19.50, 100
07/28/21, 19.20, 19.20, 19.20, 19.20, 100
07/27/21, 19.95, 19.95, 19.95, 19.95, 300
07/26/21, 19.50, 19.50, 19.20, 19.50, 27100
07/23/21, 19.15, 19.95, 19.15, 19.45, 4800
07/22/21, 19.95, 19.95, 19.95, 19.95, 1000
07/21/21, 19.15, 19.15, 19.15, 19.15, 100
07/19/21, 19.00, 19.95, 19.00, 19.20, 1300
07/16/21, 19.00, 19.00, 19.00, 19.00, 2800
07/14/21, 19.00, 20.00, 19.00, 19.30, 4700
07/13/21, 19.00, 19.00, 19.00, 19.00, 10000
07/12/21, 18.95, 19.00, 18.95, 19.00, 11000
07/09/21, 19.00, 19.50, 18.30, 18.95, 12700
07/08/21, 18.95, 18.95, 18.95, 18.95, 1900
07/06/21, 18.05, 18.95, 18.05, 18.30, 400
07/05/21, 18.05, 18.05, 18.05, 18.05, 400
07/02/21, 18.70, 18.80, 18.10, 18.70, 24500
07/01/21, 18.00, 18.80, 18.00, 18.15, 2300
06/30/21, 18.00, 18.95, 18.00, 18.05, 2400
06/29/21, 18.00, 18.00, 18.00, 18.00, 8900
06/25/21, 18.50, 18.50, 18.45, 18.50, 500
06/24/21, 18.50, 18.50, 18.50, 18.50, 200
06/23/21, 18.65, 18.65, 18.65, 18.65, 100
06/22/21, 18.60, 18.70, 18.00, 18.65, 5700
06/21/21, 18.50, 18.60, 18.50, 18.60, 600
06/18/21, 16.80, 18.00, 16.80, 17.10, 11300
06/17/21, 18.00, 18.00, 16.80, 18.00, 18200
06/16/21, 18.00, 18.00, 18.00, 18.00, 900
06/15/21, 18.00, 18.00, 18.00, 18.00, 600
06/14/21, 16.95, 16.95, 16.80, 16.85, 400
06/10/21, 17.00, 17.00, 16.90, 16.95, 5000
06/09/21, 16.75, 17.00, 16.75, 16.90, 900
06/08/21, 18.00, 18.00, 18.00, 18.00, 66000
06/07/21, 18.00, 18.00, 18.00, 18.00, 1000
06/04/21, 18.25, 18.25, 18.25, 18.25, 300
06/03/21, 18.50, 18.70, 18.50, 18.65, 400
06/02/21, 18.90, 18.90, 18.90, 18.90, 1000
05/31/21, 18.50, 18.50, 18.50, 18.50, 1500
05/27/21, 18.30, 18.30, 18.20, 18.25, 1600
05/26/21, 18.50, 18.50, 18.30, 18.35, 600
05/24/21, 18.40, 18.80, 18.20, 18.40, 3600
05/21/21, 18.80, 18.80, 18.50, 18.55, 1300
05/19/21, 18.20, 18.80, 18.20, 18.40, 3000
05/18/21, 18.80, 18.80, 18.60, 18.70, 200
05/17/21, 18.80, 18.80, 18.80, 18.80, 2100
05/13/21, 18.80, 18.80, 18.80, 18.80, 500
05/12/21, 18.80, 18.80, 18.80, 18.80, 300
05/10/21, 18.85, 18.85, 18.85, 18.85, 100
05/07/21, 18.50, 18.50, 18.50, 18.50, 700
05/06/21, 18.90, 18.90, 18.50, 18.75, 1800
05/05/21, 18.95, 18.95, 18.95, 18.95, 1000
05/04/21, 17.20, 18.05, 17.20, 17.65, 900
04/30/21, 17.35, 18.50, 17.35, 18.05, 2000
04/29/21, 17.30, 17.35, 17.30, 17.30, 6000
04/28/21, 17.30, 17.30, 17.30, 17.30, 500
04/26/21, 17.85, 17.85, 17.85, 17.85, 200
04/23/21, 18.50, 18.50, 17.20, 17.85, 200
04/22/21, 17.20, 18.00, 17.20, 17.30, 1900
04/21/21, 17.20, 17.20, 17.20, 17.20, 1400
04/20/21, 18.50, 18.50, 18.00, 18.25, 200
04/19/21, 17.20, 18.50, 17.00, 17.20, 7700
04/16/21, 19.00, 19.00, 17.10, 18.50, 3000
04/15/21, 18.00, 18.95, 18.00, 18.75, 5300
04/14/21, 17.30, 17.30, 17.15, 17.30, 70700
04/12/21, 17.10, 17.20, 17.10, 17.20, 1100
04/08/21, 17.20, 17.20, 17.20, 17.20, 81900
04/06/21, 17.20, 17.20, 17.20, 17.20, 2700
03/31/21, 17.20, 17.20, 17.20, 17.20, 2000
03/30/21, 17.20, 17.20, 17.20, 17.20, 1000
03/29/21, 17.00, 19.00, 17.00, 18.15, 5900
03/26/21, 18.60, 18.60, 18.60, 18.60, 2500
03/25/21, 17.05, 17.05, 17.05, 17.05, 1700
03/24/21, 17.05, 17.05, 17.00, 17.00, 6200
03/23/21, 17.05, 17.05, 17.00, 17.05, 26600
03/19/21, 17.00, 17.00, 17.00, 17.00, 1000
03/18/21, 17.95, 17.95, 17.95, 17.95, 100
03/17/21, 18.00, 18.00, 18.00, 18.00, 100
03/16/21, 17.00, 18.00, 17.00, 17.15, 8700
03/15/21, 17.00, 17.50, 17.00, 17.05, 11000
03/12/21, 17.50, 17.50, 17.50, 17.50, 7000
03/10/21, 18.00, 18.00, 18.00, 18.00, 5100
03/09/21, 18.00, 19.90, 16.35, 17.05, 4100
03/08/21, 18.20, 19.00, 18.10, 18.15, 14700
03/03/21, 18.00, 18.00, 18.00, 18.00, 300
03/01/21, 18.15, 18.15, 18.00, 18.00, 3200
02/26/21, 18.00, 19.00, 18.00, 18.05, 5600
02/25/21, 19.50, 19.50, 18.00, 18.15, 17100
02/24/21, 19.50, 19.60, 19.50, 19.55, 6700
02/23/21, 18.50, 20.00, 18.50, 19.45, 7000
02/22/21, 19.20, 19.20, 18.00, 18.30, 1900
02/19/21, 18.00, 18.00, 18.00, 18.00, 1000
02/18/21, 18.00, 18.00, 18.00, 18.00, 5700
02/17/21, 17.50, 18.00, 17.50, 17.55, 3700
02/16/21, 18.50, 18.50, 17.20, 17.30, 10800
02/12/21, 18.10, 18.50, 18.10, 18.30, 200
02/11/21, 18.10, 18.10, 18.10, 18.10, 100
02/10/21, 18.00, 18.00, 16.50, 18.00, 1292900
02/09/21, 18.00, 18.00, 16.50, 16.55, 10400
02/08/21, 17.30, 17.90, 16.00, 17.10, 1300
02/04/21, 16.50, 16.50, 16.50, 16.50, 24000
02/03/21, 17.00, 17.85, 16.50, 17.30, 3700
02/02/21, 17.00, 17.00, 16.50, 16.65, 2500
02/01/21, 17.80, 17.80, 16.60, 17.00, 2900
01/28/21, 17.85, 17.85, 17.85, 17.85, 100
01/27/21, 17.00, 17.00, 16.50, 17.00, 252900
01/26/21, 17.05, 17.05, 17.00, 17.05, 16500
01/25/21, 17.00, 17.50, 17.00, 17.00, 10200
01/22/21, 17.85, 17.85, 17.00, 17.05, 10700
01/21/21, 17.85, 17.85, 16.60, 17.35, 1200
01/19/21, 17.00, 17.00, 17.00, 17.00, 400
01/18/21, 18.00, 18.00, 17.50, 17.95, 6400
01/15/21, 17.80, 17.80, 17.80, 17.80, 3900
01/14/21, 17.05, 19.80, 17.00, 19.55, 32800
01/13/21, 18.95, 19.00, 17.85, 18.80, 2100
01/12/21, 19.80, 19.80, 19.80, 19.80, 100
01/11/21, 19.85, 19.85, 19.85, 19.85, 900
01/08/21, 19.00, 19.00, 19.00, 19.00, 200
01/06/21, 19.50, 19.50, 18.90, 18.95, 10500
01/05/21, 19.50, 19.50, 19.50, 19.50, 100
12/31/20, 19.40, 19.50, 19.40, 19.50, 5100
12/29/20, 18.75, 18.75, 18.75, 18.75, 100
12/28/20, 17.20, 17.20, 17.10, 17.10, 2100
12/24/20, 17.60, 19.30, 17.60, 17.90, 600
12/23/20, 17.60, 17.60, 17.60, 17.60, 1000
12/22/20, 17.50, 17.50, 17.50, 17.50, 2500
12/21/20, 17.30, 18.65, 17.10, 17.50, 6800
12/18/20, 17.35, 17.35, 17.35, 17.35, 10000
12/17/20, 17.50, 18.65, 17.30, 17.90, 500
12/16/20, 17.30, 17.30, 17.30, 17.30, 100
12/15/20, 18.65, 18.65, 17.30, 17.55, 1000
12/14/20, 17.20, 17.20, 17.00, 17.00, 851700
12/11/20, 17.10, 17.10, 17.10, 17.10, 100
12/10/20, 17.10, 17.10, 17.00, 17.05, 600
12/09/20, 17.50, 17.50, 17.50, 17.50, 2800
12/08/20, 18.00, 18.00, 18.00, 18.00, 700
12/07/20, 17.50, 17.50, 17.50, 17.50, 300
12/03/20, 17.30, 17.30, 17.00, 17.05, 600
12/02/20, 17.00, 17.00, 17.00, 17.00, 3700
12/01/20, 17.30, 17.30, 17.00, 17.30, 3900
11/30/20, 17.10, 17.30, 17.10, 17.25, 1200
11/26/20, 17.10, 17.30, 17.00, 17.05, 22500
11/24/20, 17.10, 17.10, 17.10, 17.10, 1000
11/20/20, 17.10, 17.10, 17.10, 17.10, 100
11/19/20, 17.30, 17.30, 17.30, 17.30, 100
11/18/20, 17.65, 17.65, 17.30, 17.60, 500
11/17/20, 17.00, 17.65, 17.00, 17.35, 200
11/16/20, 17.65, 18.00, 17.65, 17.65, 378100
11/13/20, 17.65, 17.65, 17.65, 17.65, 100
11/12/20, 18.00, 18.00, 18.00, 18.00, 200
11/11/20, 18.20, 18.20, 18.00, 18.00, 100800
11/10/20, 18.20, 18.20, 18.20, 18.20, 300
11/09/20, 18.20, 18.20, 18.20, 18.20, 100
11/06/20, 18.20, 18.20, 18.20, 18.20, 100
11/04/20, 18.00, 18.00, 18.00, 18.00, 300
10/30/20, 20.00, 20.00, 20.00, 20.00, 100
10/29/20, 19.60, 20.00, 19.60, 19.60, 5300
10/28/20, 19.00, 19.00, 19.00, 19.00, 100
10/27/20, 19.60, 19.60, 19.00, 19.60, 8300
10/26/20, 19.00, 19.60, 19.00, 19.15, 400
10/23/20, 19.00, 19.00, 19.00, 19.00, 1200
10/21/20, 19.00, 19.00, 19.00, 19.00, 100
10/16/20, 19.00, 19.00, 19.00, 19.00, 14100
10/15/20, 19.00, 19.00, 19.00, 19.00, 14600
10/14/20, 19.00, 19.00, 19.00, 19.00, 300
10/13/20, 19.00, 19.00, 19.00, 19.00, 100
10/12/20, 19.00, 19.00, 19.00, 19.00, 400
10/09/20, 19.00, 19.00, 19.00, 19.00, 100
10/07/20, 19.00, 19.50, 19.00, 19.00, 10100
10/06/20, 19.00, 19.00, 19.00, 19.00, 360000
10/05/20, 17.60, 17.60, 17.60, 17.60, 500
10/02/20, 20.00, 20.00, 17.55, 18.30, 19600
10/01/20, 19.50, 19.50, 19.50, 19.50, 1300
09/30/20, 19.95, 20.00, 19.95, 20.00, 2300
09/24/20, 20.00, 20.00, 20.00, 20.00, 200
09/23/20, 19.00, 19.00, 19.00, 19.00, 300
09/22/20, 19.00, 19.75, 19.00, 19.45, 1100
09/21/20, 19.50, 19.50, 19.50, 19.50, 200
09/17/20, 20.00, 20.00, 19.50, 19.75, 1000
09/16/20, 19.50, 19.50, 19.50, 19.50, 300
09/15/20, 19.10, 19.15, 19.10, 19.15, 2200
09/14/20, 19.10, 19.10, 19.10, 19.10, 100
09/11/20, 19.00, 20.00, 19.00, 19.15, 900
09/10/20, 19.50, 19.50, 19.50, 19.50, 6000
09/08/20, 18.00, 20.00, 18.00, 19.35, 30700
09/07/20, 20.00, 20.00, 18.00, 19.60, 500
09/04/20, 20.00, 20.00, 20.00, 20.00, 39200
09/02/20, 20.00, 20.00, 20.00, 20.00, 200
08/31/20, 20.00, 20.00, 20.00, 20.00, 100
08/28/20, 20.00, 20.00, 17.90, 19.95, 19100
08/27/20, 19.65, 20.00, 17.80, 19.85, 10800
08/25/20, 19.25, 20.00, 19.25, 19.65, 200
08/24/20, 19.00, 19.00, 19.00, 19.00, 1100
08/21/20, 18.50, 18.65, 18.50, 18.55, 700
08/20/20, 19.00, 19.00, 18.50, 19.00, 21600
08/18/20, 18.65, 18.65, 18.65, 18.65, 3300
08/17/20, 17.00, 17.00, 17.00, 17.00, 100
08/14/20, 17.00, 17.00, 17.00, 17.00, 2000
08/13/20, 17.00, 17.00, 17.00, 17.00, 2100
08/12/20, 17.00, 17.00, 17.00, 17.00, 800
08/11/20, 17.00, 17.00, 16.90, 16.95, 3100
08/10/20, 17.00, 17.00, 16.90, 16.95, 400
08/07/20, 17.00, 17.00, 17.00, 17.00, 1000
08/05/20, 16.90, 16.90, 16.90, 16.90, 8100
08/03/20, 17.00, 17.00, 16.80, 16.80, 3000
07/29/20, 17.00, 18.00, 16.85, 17.10, 600
07/28/20, 16.80, 16.80, 16.80, 16.80, 4100
07/27/20, 17.40, 17.80, 16.80, 17.40, 2000
07/24/20, 18.00, 18.00, 16.80, 17.15, 500
07/23/20, 17.40, 17.40, 17.40, 17.40, 400
07/22/20, 17.50, 18.00, 17.50, 17.85, 300
07/21/20, 17.70, 17.70, 16.40, 17.40, 2000
07/20/20, 17.70, 17.70, 16.40, 17.40, 400
07/16/20, 16.30, 16.30, 16.30, 16.30, 200
07/15/20, 16.25, 16.25, 16.20, 16.20, 1000
07/14/20, 16.10, 17.50, 16.10, 16.25, 4700
07/13/20, 16.10, 16.10, 16.10, 16.10, 3800
07/10/20, 16.10, 16.10, 16.00, 16.10, 600
07/09/20, 16.10, 16.10, 16.10, 16.10, 300
07/08/20, 16.00, 16.00, 16.00, 16.00, 7000
07/07/20, 17.00, 17.55, 17.00, 17.10, 6100
07/03/20, 18.75, 18.75, 16.10, 17.65, 400
06/30/20, 18.50, 18.50, 17.50, 17.80, 2900
06/29/20, 17.30, 18.20, 17.30, 17.55, 3600
06/26/20, 17.75, 17.90, 17.30, 17.75, 2900
06/24/20, 17.65, 17.70, 16.50, 17.30, 300
06/23/20, 17.00, 17.80, 17.00, 17.65, 500
06/22/20, 16.50, 16.50, 16.50, 16.50, 300
06/19/20, 16.50, 16.50, 15.90, 16.25, 3500
06/18/20, 16.00, 16.00, 16.00, 16.00, 800
06/17/20, 17.00, 17.00, 16.00, 16.15, 600
06/16/20, 15.90, 15.90, 15.90, 15.90, 100
06/15/20, 16.00, 17.05, 16.00, 16.55, 400
06/12/20, 16.50, 16.50, 16.50, 16.50, 400
06/11/20, 16.95, 17.00, 16.50, 16.95, 29600
06/10/20, 16.50, 16.50, 16.50, 16.50, 400
06/09/20, 16.90, 16.95, 16.90, 16.95, 1200
06/08/20, 15.90, 16.95, 15.90, 16.50, 900
06/05/20, 16.90, 16.90, 16.90, 16.90, 9000
06/03/20, 15.50, 15.50, 15.50, 15.50, 100
06/02/20, 16.50, 16.50, 15.10, 15.65, 1300
05/29/20, 16.75, 16.75, 16.75, 16.75, 2000000
05/28/20, 16.90, 16.90, 16.50, 16.70, 600
05/26/20, 16.95, 16.95, 16.50, 16.65, 3100
05/22/20, 17.00, 17.00, 16.25, 16.50, 1000
05/21/20, 16.00, 16.00, 16.00, 16.00, 70000
05/20/20, 16.00, 16.00, 16.00, 16.00, 20000
05/19/20, 16.00, 16.50, 14.80, 16.05, 12100
05/18/20, 16.00, 16.00, 14.85, 16.00, 9500
05/14/20, 14.85, 14.85, 14.85, 14.85, 5100
05/13/20, 16.35, 16.65, 16.00, 16.20, 3000
05/12/20, 16.35, 16.50, 16.35, 16.35, 9200
05/11/20, 16.50, 16.50, 16.50, 16.50, 100
05/08/20, 16.50, 16.50, 16.35, 16.50, 17600
05/07/20, 16.50, 16.50, 16.50, 16.50, 5400
05/06/20, 16.50, 16.50, 15.50, 16.00, 400
05/05/20, 16.50, 16.50, 16.50, 16.50, 1000
04/30/20, 15.50, 16.50, 15.50, 16.10, 16100
04/29/20, 15.70, 15.70, 15.00, 15.50, 10100
04/28/20, 15.50, 15.50, 15.50, 15.50, 2700
04/27/20, 17.50, 17.50, 15.50, 15.90, 2500
04/24/20, 17.00, 17.00, 17.00, 17.00, 200
04/23/20, 17.00, 17.00, 17.00, 17.00, 400
04/20/20, 16.10, 16.50, 16.10, 16.50, 24200
04/16/20, 16.40, 16.40, 16.10, 16.10, 9400
04/15/20, 16.40, 16.40, 16.40, 16.40, 500
04/14/20, 16.00, 16.00, 16.00, 16.00, 200
04/09/20, 16.50, 16.50, 16.50, 16.50, 400
04/08/20, 16.50, 16.50, 16.50, 16.50, 100
04/07/20, 16.50, 16.50, 16.30, 16.30, 1900
04/06/20, 16.50, 16.50, 16.50, 16.50, 1300
04/03/20, 16.50, 16.50, 16.50, 16.50, 100
03/31/20, 16.50, 16.50, 16.50, 16.50, 1200
03/30/20, 15.00, 16.00, 15.00, 15.50, 1400
03/27/20, 15.50, 15.50, 15.50, 15.50, 100
03/24/20, 16.50, 16.50, 16.50, 16.50, 200
03/23/20, 16.50, 16.50, 16.50, 16.50, 1500
03/20/20, 16.30, 16.50, 16.00, 16.30, 2700
03/19/20, 16.10, 16.50, 16.10, 16.50, 5000
03/17/20, 15.30, 16.50, 14.80, 16.10, 3300
03/16/20, 15.30, 15.30, 15.30, 15.30, 6700
03/13/20, 16.50, 16.50, 15.30, 16.50, 10100
03/12/20, 15.30, 15.70, 15.00, 15.30, 700
03/11/20, 15.70, 16.00, 15.00, 15.70, 1300
03/10/20, 15.75, 15.75, 15.70, 15.75, 14500
03/09/20, 16.00, 16.00, 16.00, 16.00, 1000
03/06/20, 15.80, 16.20, 15.15, 15.80, 1700
03/05/20, 16.15, 16.50, 15.20, 16.15, 700
03/04/20, 16.75, 17.20, 16.50, 16.75, 900
03/03/20, 17.40, 17.50, 17.00, 17.40, 2800
03/02/20, 16.95, 17.00, 16.10, 16.95, 3800
02/28/20, 16.25, 16.50, 16.25, 16.25, 5700
02/27/20, 17.00, 17.00, 17.00, 17.00, 100
02/25/20, 16.30, 16.30, 16.30, 16.30, 97500
02/24/20, 16.50, 16.50, 16.50, 16.50, 2700
02/21/20, 16.45, 16.50, 16.25, 16.45, 5100
02/20/20, 16.50, 16.50, 16.50, 16.50, 700
02/19/20, 17.25, 17.50, 17.00, 17.25, 400
02/18/20, 17.30, 17.70, 17.00, 17.30, 500
02/17/20, 17.55, 17.70, 17.00, 17.55, 500
02/14/20, 16.10, 17.90, 16.00, 16.10, 13200
02/13/20, 16.50, 16.50, 16.50, 16.50, 1500
02/12/20, 16.05, 16.50, 16.00, 16.05, 5300
02/10/20, 17.20, 17.20, 17.20, 17.20, 300
02/07/20, 16.50, 17.20, 16.05, 16.50, 1200
02/06/20, 17.25, 17.45, 17.20, 17.25, 700
02/05/20, 17.30, 17.45, 17.20, 17.30, 200
02/04/20, 17.45, 17.50, 17.20, 17.45, 2600
02/03/20, 17.50, 17.90, 17.50, 17.50, 6300
01/30/20, 18.40, 18.45, 17.90, 18.40, 2300
01/28/20, 17.80, 18.00, 17.50, 17.80, 500
01/27/20, 18.00, 18.00, 17.80, 18.00, 4100
01/23/20, 18.00, 18.00, 18.00, 18.00, 200
01/22/20, 18.00, 18.00, 18.00, 18.00, 700
01/21/20, 18.00, 18.30, 17.80, 18.00, 800
01/20/20, 17.80, 17.80, 17.80, 17.80, 7500
01/17/20, 17.85, 18.30, 17.80, 17.85, 3200
01/16/20, 18.45, 18.50, 18.00, 18.45, 13900
01/15/20, 17.70, 18.00, 17.65, 17.70, 500
01/14/20, 17.65, 18.00, 17.20, 17.65, 1300
01/13/20, 17.35, 17.35, 17.35, 17.35, 900
01/10/20, 17.30, 17.35, 17.20, 17.30, 2900
01/09/20, 17.10, 17.30, 16.55, 17.10, 5100
01/08/20, 16.55, 16.55, 16.55, 16.55, 100
01/07/20, 17.35, 17.75, 16.55, 17.35, 300
01/06/20, 16.25, 16.50, 16.15, 16.25, 2000
01/03/20, 17.15, 17.50, 16.90, 17.15, 1200
01/02/20, 16.15, 16.15, 16.15, 16.15, 300
12/31/19, 16.90, 16.90, 16.90, 16.90, 300
12/30/19, 16.90, 16.90, 16.90, 16.90, 100
12/27/19, 17.70, 18.00, 17.40, 17.70, 400
12/24/19, 18.00, 18.00, 18.00, 18.00, 200
12/23/19, 17.50, 17.50, 17.40, 17.50, 600
12/20/19, 17.05, 17.50, 17.00, 17.05, 1400
12/19/19, 17.10, 17.50, 17.00, 17.10, 1800
12/18/19, 17.50, 17.50, 17.50, 17.50, 1000
12/17/19, 17.25, 17.50, 17.00, 17.25, 400
12/16/19, 17.00, 17.00, 17.00, 17.00, 400
12/13/19, 16.15, 17.00, 16.00, 16.15, 2300
12/11/19, 17.20, 17.40, 17.00, 17.20, 400
12/10/19, 17.05, 17.10, 17.00, 17.05, 7900
12/09/19, 17.10, 17.10, 17.10, 17.10, 300
12/06/19, 17.10, 18.00, 17.00, 17.10, 29400
12/05/19, 17.00, 17.10, 17.00, 17.00, 34300
12/04/19, 17.15, 17.15, 17.15, 17.15, 3600
12/03/19, 17.00, 18.00, 16.50, 17.00, 1800
12/02/19, 16.85, 17.00, 16.50, 16.85, 300
11/29/19, 17.85, 18.35, 17.00, 17.85, 2000
11/28/19, 18.00, 18.00, 18.00, 18.00, 100
11/26/19, 18.00, 18.00, 18.00, 18.00, 400
11/25/19, 17.20, 18.35, 16.80, 17.20, 400
11/22/19, 16.90, 16.90, 16.90, 16.90, 1900
11/21/19, 18.40, 18.50, 16.90, 18.40, 1300
11/20/19, 16.90, 16.90, 16.50, 16.90, 9800
11/18/19, 15.40, 15.40, 15.40, 15.40, 9300
11/14/19, 16.80, 16.80, 16.80, 16.80, 400
11/13/19, 16.80, 16.80, 16.80, 16.80, 300
11/12/19, 18.20, 18.50, 16.80, 18.20, 3900
11/11/19, 18.10, 18.40, 16.80, 18.10, 500
11/08/19, 17.50, 17.50, 17.50, 17.50, 1000
11/07/19, 18.50, 18.65, 18.00, 18.50, 700
11/06/19, 17.45, 18.65, 17.30, 17.45, 1000
11/05/19, 17.00, 17.30, 17.00, 17.00, 3300
11/04/19, 15.80, 16.10, 15.50, 15.80, 400
11/01/19, 15.20, 17.00, 15.00, 15.20, 900
10/31/19, 16.05, 17.05, 15.50, 16.05, 1700
10/30/19, 15.50, 16.50, 15.00, 15.50, 6400
10/29/19, 15.75, 16.20, 15.50, 15.75, 300
10/28/19, 16.30, 16.45, 16.20, 16.30, 400
10/25/19, 16.40, 16.45, 16.00, 16.40, 600
10/24/19, 16.50, 16.50, 16.50, 16.50, 400
10/23/19, 16.50, 16.50, 16.50, 16.50, 1700
10/22/19, 15.35, 16.50, 15.00, 15.35, 2600
10/18/19, 15.05, 16.00, 15.00, 15.05, 12400
10/17/19, 16.60, 17.50, 16.15, 16.60, 3700
10/16/19, 16.50, 17.90, 16.05, 16.50, 1300
10/15/19, 17.80, 18.20, 17.40, 17.80, 400
10/11/19, 17.50, 17.50, 17.50, 17.50, 200
10/09/19, 18.50, 18.50, 18.50, 18.50, 100
10/08/19, 16.85, 17.50, 16.05, 16.85, 3800
10/07/19, 17.15, 17.75, 17.00, 17.15, 400
10/04/19, 17.55, 17.75, 17.50, 17.55, 400
10/02/19, 17.50, 17.50, 17.50, 17.50, 300
10/01/19, 17.50, 17.50, 17.50, 17.50, 100
09/30/19, 16.25, 17.00, 16.05, 16.25, 500
09/27/19, 16.20, 17.50, 16.05, 16.20, 4000
09/25/19, 17.00, 17.00, 17.00, 17.00, 1000
09/24/19, 17.25, 17.25, 17.25, 17.25, 100
09/23/19, 15.85, 16.00, 15.70, 15.85, 400
09/20/19, 16.00, 16.00, 16.00, 16.00, 700
09/19/19, 15.70, 16.00, 15.00, 15.70, 3300
09/18/19, 15.15, 16.00, 15.00, 15.15, 3600
09/17/19, 15.45, 16.00, 15.00, 15.45, 1700
09/16/19, 16.50, 16.50, 16.50, 16.50, 800
09/13/19, 16.60, 16.60, 16.60, 16.60, 600
09/12/19, 16.90, 16.90, 16.90, 16.90, 300
09/11/19, 16.40, 16.90, 15.50, 16.40, 1400
09/10/19, 16.90, 17.00, 16.80, 16.90, 200
09/09/19, 16.85, 16.90, 16.80, 16.85, 400
09/06/19, 17.00, 17.00, 17.00, 17.00, 200
09/05/19, 17.30, 18.50, 17.00, 17.30, 2700
09/04/19, 17.10, 17.50, 16.90, 17.10, 300
09/03/19, 17.50, 17.50, 17.50, 17.50, 500
08/30/19, 17.05, 17.50, 17.00, 17.05, 700
08/29/19, 16.90, 16.90, 16.90, 16.90, 300
08/28/19, 17.25, 17.50, 16.90, 17.25, 600
08/27/19, 17.40, 17.50, 17.20, 17.40, 300
08/26/19, 17.00, 17.00, 17.00, 17.00, 8000
08/23/19, 17.00, 17.20, 17.00, 17.00, 8800
08/22/19, 17.00, 17.00, 17.00, 17.00, 1000
08/21/19, 17.05, 17.50, 17.00, 17.05, 600
08/20/19, 17.50, 17.50, 17.50, 17.50, 200
08/19/19, 17.30, 18.00, 17.00, 17.30, 300
08/16/19, 17.00, 17.00, 17.00, 17.00, 400
08/15/19, 16.80, 18.00, 16.65, 16.80, 1100
08/14/19, 18.50, 19.00, 18.00, 18.50, 200
08/13/19, 18.00, 18.00, 18.00, 18.00, 1100
08/09/19, 17.95, 18.00, 17.95, 17.95, 2900
08/08/19, 17.95, 18.00, 17.95, 17.95, 4200
08/07/19, 18.00, 18.00, 18.00, 18.00, 900
08/06/19, 18.40, 19.00, 18.00, 18.40, 500
08/05/19, 18.00, 18.00, 18.00, 18.00, 100
08/02/19, 18.00, 18.00, 18.00, 18.00, 100
08/01/19, 18.00, 18.00, 18.00, 18.00, 3700
07/31/19, 18.00, 18.00, 18.00, 18.00, 200
07/30/19, 18.00, 18.00, 18.00, 18.00, 200
07/29/19, 18.00, 18.10, 18.00, 18.00, 700
07/26/19, 18.10, 18.60, 18.10, 18.10, 16400
07/25/19, 18.10, 18.10, 18.10, 18.10, 5100
07/24/19, 18.15, 19.00, 18.10, 18.15, 9200
07/23/19, 18.10, 18.10, 18.10, 18.10, 600
07/19/19, 19.00, 19.00, 19.00, 19.00, 700
07/18/19, 18.60, 19.00, 18.50, 18.60, 10700
07/17/19, 19.00, 19.00, 19.00, 19.00, 300
07/16/19, 19.50, 19.60, 19.50, 19.50, 700
07/15/19, 18.50, 18.50, 18.50, 18.50, 600
07/12/19, 19.15, 19.50, 18.50, 19.15, 1600
07/11/19, 19.00, 19.00, 19.00, 19.00, 400
07/10/19, 19.00, 19.00, 19.00, 19.00, 12200
07/09/19, 18.95, 19.00, 18.50, 18.95, 2200
07/08/19, 18.85, 19.00, 18.50, 18.85, 900
07/04/19, 19.00, 19.40, 19.00, 19.00, 1400
07/03/19, 19.40, 19.45, 19.00, 19.40, 50600
07/02/19, 19.45, 19.45, 19.45, 19.45, 1000
07/01/19, 19.05, 19.50, 18.10, 19.05, 1300
06/28/19, 18.10, 18.70, 18.10, 18.10, 16500
06/27/19, 18.30, 18.70, 18.00, 18.30, 400
06/26/19, 18.10, 18.10, 18.10, 18.10, 100
06/25/19, 18.85, 19.30, 18.00, 18.85, 3100
06/24/19, 18.70, 19.00, 17.80, 18.70, 3700
06/21/19, 17.80, 18.15, 17.70, 17.80, 18600
06/20/19, 17.70, 17.85, 17.10, 17.70, 5900
06/19/19, 17.55, 18.15, 17.00, 17.55, 10600
06/18/19, 18.15, 18.35, 17.85, 18.15, 12700
06/17/19, 18.25, 18.50, 17.45, 18.25, 17200
06/14/19, 17.70, 17.80, 17.00, 17.70, 3400
06/13/19, 17.00, 17.45, 16.65, 17.00, 2800
06/12/19, 16.55, 16.65, 15.25, 16.55, 23400
06/11/19, 16.65, 16.70, 16.25, 16.65, 2100
06/10/19, 15.25, 16.00, 15.00, 15.25, 800
06/07/19, 14.95, 15.00, 14.95, 14.95, 25900
06/06/19, 14.55, 15.00, 14.50, 14.55, 1200
06/04/19, 15.00, 15.00, 15.00, 15.00, 100
06/03/19, 15.00, 15.00, 15.00, 15.00, 1800
05/31/19, 14.25, 15.00, 14.10, 14.25, 2500
05/30/19, 14.25, 14.35, 14.15, 14.25, 500
05/29/19, 14.55, 15.00, 14.50, 14.55, 13100
05/28/19, 14.35, 14.35, 14.35, 14.35, 200
05/27/19, 14.25, 14.25, 14.25, 14.25, 200
05/24/19, 14.35, 14.95, 14.10, 14.35, 1800
05/23/19, 14.15, 14.20, 14.00, 14.15, 2200
05/22/19, 14.20, 15.00, 14.00, 14.20, 1400
05/21/19, 14.50, 14.50, 14.50, 14.50, 100
05/17/19, 15.00, 15.00, 15.00, 15.00, 1200
05/16/19, 14.60, 15.00, 14.50, 14.60, 3800
05/15/19, 14.95, 15.50, 14.85, 14.95, 1200
05/14/19, 15.35, 15.50, 15.00, 15.35, 9900
05/13/19, 15.65, 16.50, 15.00, 15.65, 900
05/10/19, 15.60, 16.00, 15.50, 15.60, 3900
05/09/19, 15.00, 15.00, 15.00, 15.00, 1000
05/08/19, 15.00, 15.15, 15.00, 15.00, 2800
05/07/19, 15.50, 15.50, 15.50, 15.50, 2100
05/06/19, 16.10, 17.00, 16.00, 16.10, 1500
05/02/19, 16.00, 16.00, 16.00, 16.00, 100
04/30/19, 15.50, 15.50, 15.50, 15.50, 100
04/29/19, 15.60, 15.75, 15.50, 15.60, 2200
04/26/19, 15.75, 16.00, 15.20, 15.75, 1200
04/25/19, 15.50, 15.50, 15.50, 15.50, 23700
04/24/19, 15.20, 15.20, 15.20, 15.20, 300
04/23/19, 15.15, 15.20, 15.15, 15.15, 1300
04/18/19, 15.20, 15.30, 15.20, 15.20, 17300
04/17/19, 15.05, 15.10, 15.05, 15.05, 6900
04/16/19, 15.15, 15.20, 15.05, 15.15, 9700
04/15/19, 15.05, 15.20, 15.05, 15.05, 1800
04/12/19, 15.20, 15.50, 15.00, 15.20, 86900
04/11/19, 15.10, 15.30, 15.05, 15.10, 13500
04/10/19, 15.45, 15.45, 15.45, 15.45, 200
04/09/19, 15.00, 15.45, 14.50, 15.00, 900
04/08/19, 15.15, 15.45, 15.00, 15.15, 2100
04/05/19, 15.45, 15.50, 15.30, 15.45, 2500
04/04/19, 15.30, 15.70, 15.25, 15.30, 3500
04/03/19, 16.20, 17.00, 15.70, 16.20, 4400
04/02/19, 16.90, 17.60, 16.70, 16.90, 600
04/01/19, 16.70, 17.00, 16.30, 16.70, 500
03/28/19, 16.00, 16.00, 16.00, 16.00, 100
03/27/19, 15.80, 16.00, 15.05, 15.80, 1900
03/26/19, 15.05, 15.80, 15.00, 15.05, 25900
03/25/19, 16.20, 16.50, 15.80, 16.20, 3600
03/22/19, 17.40, 17.90, 16.50, 17.40, 25700
03/21/19, 17.40, 18.00, 16.30, 17.40, 6500
03/20/19, 16.45, 18.00, 16.20, 16.45, 5500
03/19/19, 18.00, 18.10, 18.00, 18.00, 1200
03/18/19, 18.00, 18.00, 18.00, 18.00, 100
03/15/19, 18.40, 18.45, 17.75, 18.40, 2500
03/14/19, 18.05, 18.45, 17.50, 18.05, 500
03/13/19, 18.50, 18.50, 18.50, 18.50, 100
03/11/19, 17.15, 18.15, 16.15, 17.15, 15600
03/08/19, 17.00, 17.05, 17.00, 17.00, 2000
03/07/19, 17.05, 17.50, 17.00, 17.05, 8600
03/06/19, 17.40, 17.40, 17.40, 17.40, 153800
03/05/19, 17.50, 17.55, 17.40, 17.50, 153800
03/04/19, 17.40, 17.50, 17.00, 17.40, 800
03/01/19, 17.55, 17.95, 17.20, 17.55, 300
02/28/19, 18.85, 19.00, 17.60, 18.85, 2700
02/27/19, 17.90, 19.00, 17.50, 17.90, 800
02/26/19, 19.25, 20.00, 18.50, 19.25, 200
02/25/19, 18.20, 19.00, 18.00, 18.20, 1400
02/22/19, 19.05, 20.50, 18.00, 19.05, 44600
02/21/19, 19.00, 20.00, 19.00, 19.00, 58100
02/20/19, 19.00, 20.80, 19.00, 19.00, 25200
02/19/19, 19.00, 19.00, 19.00, 19.00, 93500
02/18/19, 20.55, 20.90, 19.75, 20.55, 400
02/15/19, 20.65, 21.95, 20.50, 20.65, 2900
02/14/19, 20.10, 20.65, 19.00, 20.10, 16300
02/13/19, 20.50, 20.50, 20.50, 20.50, 200
02/12/19, 20.55, 20.95, 20.50, 20.55, 500
02/11/19, 20.65, 20.95, 19.05, 20.65, 3600
02/08/19, 19.05, 21.00, 19.00, 19.05, 9900
02/07/19, 20.95, 20.95, 20.95, 20.95, 400
02/06/19, 20.95, 21.00, 20.00, 20.95, 6700
02/05/19, 20.00, 21.00, 20.00, 20.00, 5500
02/04/19, 19.10, 19.10, 19.10, 19.10, 500
02/01/19, 20.00, 20.00, 20.00, 20.00, 700
01/31/19, 19.25, 19.65, 19.00, 19.25, 1400
01/30/19, 19.25, 20.00, 19.00, 19.25, 2200
01/29/19, 19.20, 20.00, 19.00, 19.20, 2300
01/28/19, 19.15, 19.50, 19.00, 19.15, 2500
01/25/19, 19.30, 20.00, 17.75, 19.30, 2300
01/24/19, 19.65, 20.00, 19.65, 19.65, 4100
01/23/19, 19.45, 19.60, 19.00, 19.45, 3300
01/22/19, 19.10, 19.60, 19.00, 19.10, 500
01/21/19, 19.10, 19.50, 19.05, 19.10, 1000
01/18/19, 19.50, 19.65, 19.50, 19.50, 4500
01/17/19, 19.50, 19.50, 19.45, 19.50, 13400
01/16/19, 19.00, 19.80, 19.00, 19.00, 503200
01/15/19, 19.65, 20.00, 19.15, 19.65, 400
01/14/19, 19.80, 20.00, 19.50, 19.80, 900
01/10/19, 19.05, 19.05, 19.05, 19.05, 100
01/09/19, 19.15, 20.30, 19.00, 19.15, 3600
01/07/19, 20.30, 20.75, 20.00, 20.30, 3500
01/04/19, 20.00, 20.75, 19.00, 20.00, 1200
01/03/19, 20.75, 21.00, 20.00, 20.75, 800
01/02/19, 19.80, 21.00, 19.00, 19.80, 1000
12/31/18, 19.90, 19.90, 19.90, 19.90, 1800
12/28/18, 19.85, 20.00, 19.80, 19.85, 300
12/27/18, 19.10, 20.00, 18.00, 19.10, 1300
12/24/18, 19.85, 19.90, 19.80, 19.85, 400
12/21/18, 19.90, 19.90, 19.90, 19.90, 100
12/20/18, 19.85, 19.90, 19.50, 19.85, 10700
12/19/18, 19.70, 19.90, 19.50, 19.70, 1200
12/18/18, 19.90, 19.90, 19.90, 19.90, 100
12/14/18, 19.50, 19.50, 19.50, 19.50, 2100
12/13/18, 19.90, 19.90, 19.90, 19.90, 1000
12/11/18, 19.90, 21.00, 19.50, 19.90, 1100
12/10/18, 19.95, 21.00, 19.10, 19.95, 180800
12/07/18, 19.20, 19.25, 19.00, 19.20, 11400
12/06/18, 19.10, 19.50, 19.00, 19.10, 700
12/05/18, 19.85, 20.00, 19.00, 19.85, 700
12/04/18, 19.00, 19.00, 19.00, 19.00, 3000
12/03/18, 19.00, 20.00, 19.00, 19.00, 7900
11/30/18, 19.00, 19.00, 19.00, 19.00, 700
11/29/18, 21.00, 21.00, 21.00, 21.00, 200
11/27/18, 20.10, 20.25, 20.00, 20.10, 5600
11/26/18, 20.25, 20.50, 20.00, 20.25, 1000
11/23/18, 20.25, 21.00, 20.00, 20.25, 700
11/22/18, 21.00, 21.00, 21.00, 21.00, 2900
11/21/18, 21.25, 22.00, 21.00, 21.25, 2100
11/20/18, 21.75, 22.00, 21.00, 21.75, 9200
11/16/18, 21.00, 21.00, 21.00, 21.00, 1200
11/15/18, 21.00, 22.00, 21.00, 21.00, 4900
11/14/18, 21.00, 21.00, 21.00, 21.00, 500
11/13/18, 22.00, 22.00, 22.00, 22.00, 400
11/12/18, 22.00, 22.00, 22.00, 22.00, 2100
11/08/18, 20.00, 20.25, 20.00, 20.00, 2300
11/07/18, 20.00, 20.50, 20.00, 20.00, 2000
11/06/18, 19.05, 20.00, 19.00, 19.05, 6600
11/05/18, 19.45, 20.00, 19.30, 19.45, 8200
11/02/18, 19.30, 20.00, 19.00, 19.30, 1500
11/01/18, 19.50, 20.00, 19.00, 19.50, 200
10/31/18, 19.00, 19.00, 19.00, 19.00, 10000
10/30/18, 19.35, 20.00, 18.50, 19.35, 1700
10/29/18, 20.00, 20.00, 20.00, 20.00, 3000
10/26/18, 20.00, 20.00, 20.00, 20.00, 1200
10/25/18, 19.55, 20.00, 19.50, 19.55, 1100
10/24/18, 19.40, 20.00, 19.25, 19.40, 2700
10/23/18, 19.60, 19.75, 19.50, 19.60, 2600
10/22/18, 19.60, 19.75, 19.50, 19.60, 400
10/19/18, 19.75, 20.25, 19.50, 19.75, 4300
10/18/18, 19.85, 20.25, 19.75, 19.85, 800
10/17/18, 19.70, 19.75, 19.50, 19.70, 1100
10/16/18, 19.80, 20.00, 19.75, 19.80, 1400
10/15/18, 19.75, 20.00, 19.50, 19.75, 200
10/12/18, 19.65, 20.50, 19.00, 19.65, 2700
10/09/18, 20.50, 21.00, 20.50, 20.50, 11800
10/08/18, 20.25, 21.00, 20.25, 20.25, 1400
10/05/18, 21.00, 22.00, 21.00, 21.00, 2300
10/04/18, 22.25, 22.25, 22.25, 22.25, 400
10/03/18, 22.00, 22.00, 22.00, 22.00, 600
10/02/18, 21.00, 21.00, 21.00, 21.00, 2000
10/01/18, 20.75, 21.00, 20.50, 20.75, 2400
09/28/18, 20.00, 20.00, 20.00, 20.00, 114400
09/27/18, 20.00, 20.00, 20.00, 20.00, 21500
09/26/18, 20.00, 20.00, 20.00, 20.00, 400
09/25/18, 19.75, 20.00, 19.00, 19.75, 4600
09/24/18, 20.00, 20.00, 20.00, 20.00, 1300
09/21/18, 20.00, 20.00, 20.00, 20.00, 900
09/20/18, 21.00, 21.00, 21.00, 21.00, 100
09/19/18, 21.00, 21.00, 21.00, 21.00, 500
09/18/18, 21.50, 21.50, 21.50, 21.50, 100
09/17/18, 20.00, 21.00, 20.00, 20.00, 1300
09/14/18, 20.75, 21.50, 20.00, 20.75, 400
09/13/18, 20.75, 21.00, 20.75, 20.75, 5500
09/12/18, 21.00, 21.00, 21.00, 21.00, 1900
09/11/18, 21.00, 21.50, 21.00, 21.00, 147400
09/10/18, 20.75, 21.00, 20.75, 20.75, 25300
09/06/18, 21.25, 21.50, 21.00, 21.25, 2800
09/05/18, 21.25, 21.50, 21.00, 21.25, 1700
09/04/18, 20.75, 21.00, 20.75, 20.75, 7300
08/31/18, 21.00, 21.25, 20.75, 21.00, 32700
08/30/18, 20.50, 21.00, 20.00, 20.50, 2700
08/29/18, 21.00, 21.00, 21.00, 21.00, 2300
08/27/18, 21.00, 21.50, 21.00, 21.00, 1700
08/24/18, 21.25, 21.50, 21.00, 21.25, 600
08/23/18, 21.50, 22.00, 21.50, 21.50, 2200
08/22/18, 21.75, 21.75, 21.75, 21.75, 300
08/20/18, 20.75, 21.00, 20.00, 20.75, 33700
08/17/18, 21.75, 22.00, 21.75, 21.75, 900
08/16/18, 22.00, 22.00, 22.00, 22.00, 600
08/15/18, 21.75, 22.00, 21.50, 21.75, 2500
08/14/18, 22.00, 22.00, 22.00, 22.00, 600
08/10/18, 21.25, 22.00, 21.00, 21.25, 4300
08/09/18, 21.75, 23.00, 21.50, 21.75, 400
08/08/18, 21.00, 21.75, 21.00, 21.00, 186500
08/07/18, 21.50, 23.00, 21.00, 21.50, 2900
08/06/18, 23.00, 23.00, 23.00, 23.00, 1800
08/03/18, 21.00, 21.00, 21.00, 21.00, 3921800
08/01/18, 20.25, 20.75, 19.50, 20.25, 5800
07/31/18, 19.25, 20.00, 18.25, 19.25, 2800
07/30/18, 20.00, 20.75, 20.00, 20.00, 6500
07/27/18, 20.25, 20.25, 20.25, 20.25, 1100
07/26/18, 20.25, 20.25, 20.25, 20.25, 8500
07/25/18, 20.25, 20.75, 20.25, 20.25, 2100
07/24/18, 20.00, 20.75, 20.00, 20.00, 42700
07/23/18, 20.00, 20.00, 20.00, 20.00, 300
07/20/18, 20.50, 20.50, 20.50, 20.50, 100
07/19/18, 20.75, 21.00, 19.00, 20.75, 8400
07/18/18, 20.75, 21.00, 20.50, 20.75, 13700
07/17/18, 20.50, 21.50, 19.00, 20.50, 12900
07/16/18, 21.00, 21.50, 21.00, 21.00, 8300
07/13/18, 21.00, 21.00, 21.00, 21.00, 1100
07/12/18, 21.25, 21.50, 21.00, 21.25, 2000
07/11/18, 21.00, 21.00, 21.00, 21.00, 700
07/10/18, 21.00, 22.00, 20.00, 21.00, 5300
07/09/18, 21.00, 21.00, 21.00, 21.00, 400
07/06/18, 21.00, 22.00, 21.00, 21.00, 11300
07/05/18, 21.50, 21.50, 21.50, 21.50, 10000
07/04/18, 22.00, 22.00, 22.00, 22.00, 100
07/03/18, 21.25, 22.00, 21.00, 21.25, 400
07/02/18, 21.50, 21.75, 21.00, 21.50, 300
06/29/18, 21.25, 22.00, 21.00, 21.25, 1400
06/28/18, 22.00, 22.00, 22.00, 22.00, 17800
06/27/18, 21.25, 22.00, 21.25, 21.25, 50700
06/26/18, 22.00, 23.00, 22.00, 22.00, 10700
06/25/18, 21.25, 23.00, 21.00, 21.25, 69800
06/22/18, 22.00, 22.75, 21.00, 22.00, 5400
06/21/18, 22.75, 23.50, 22.00, 22.75, 31500
06/20/18, 22.50, 23.00, 22.00, 22.50, 1600
06/19/18, 23.00, 24.00, 22.25, 23.00, 2900
06/18/18, 23.25, 23.25, 23.25, 23.25, 2100
06/14/18, 23.25, 24.00, 22.00, 23.25, 11700
06/13/18, 22.25, 23.00, 22.00, 22.25, 18200
06/12/18, 22.50, 23.00, 22.50, 22.50, 100900
06/11/18, 23.00, 24.00, 23.00, 23.00, 4200
06/08/18, 23.00, 24.00, 23.00, 23.00, 3200
06/06/18, 23.50, 24.00, 23.00, 23.50, 300
06/05/18, 23.00, 23.00, 23.00, 23.00, 11000
06/04/18, 23.25, 23.25, 23.25, 23.25, 700
05/31/18, 23.25, 24.00, 22.75, 23.25, 3300
05/30/18, 22.25, 23.75, 22.00, 22.25, 2100
05/29/18, 22.75, 23.00, 22.75, 22.75, 41400
05/28/18, 23.75, 24.00, 23.00, 23.75, 400
05/25/18, 23.50, 24.00, 23.25, 23.50, 600
05/24/18, 24.00, 25.25, 24.00, 24.00, 2200
05/23/18, 23.50, 24.00, 22.50, 23.50, 300
05/22/18, 22.50, 23.00, 22.50, 22.50, 58300
05/21/18, 22.50, 24.00, 22.50, 22.50, 2100
05/18/18, 24.75, 24.75, 24.75, 24.75, 100
05/17/18, 24.00, 24.75, 24.00, 24.00, 16000
05/16/18, 24.00, 24.00, 24.00, 24.00, 100
05/15/18, 24.00, 24.25, 24.00, 24.00, 5000
05/14/18, 24.75, 25.00, 24.50, 24.75, 2200
05/11/18, 25.00, 25.00, 25.00, 25.00, 900
05/10/18, 25.00, 25.25, 24.75, 25.00, 600
05/09/18, 24.75, 25.00, 24.75, 24.75, 2600
05/08/18, 25.00, 25.25, 25.00, 25.00, 1400
05/07/18, 24.50, 25.25, 24.50, 24.50, 2300
05/02/18, 25.00, 25.00, 25.00, 25.00, 2600
04/30/18, 25.00, 25.00, 25.00, 25.00, 500
04/27/18, 25.00, 25.00, 25.00, 25.00, 1100
04/26/18, 25.00, 25.00, 25.00, 25.00, 100
04/25/18, 24.50, 25.00, 24.25, 24.50, 2000
04/24/18, 24.50, 24.50, 24.50, 24.50, 100
04/23/18, 25.00, 25.00, 25.00, 25.00, 300
04/20/18, 24.50, 24.75, 24.50, 24.50, 600
04/19/18, 24.75, 25.00, 24.75, 24.75, 1500
04/18/18, 25.00, 25.00, 25.00, 25.00, 9000
04/17/18, 25.00, 25.50, 25.00, 25.00, 14100
04/16/18, 25.25, 26.00, 25.25, 25.25, 1100
04/13/18, 25.25, 25.25, 25.25, 25.25, 200
04/11/18, 25.50, 26.00, 25.25, 25.50, 2500
04/10/18, 25.25, 26.00, 25.25, 25.25, 40400
04/09/18, 25.50, 25.50, 25.50, 25.50, 200
04/06/18, 25.00, 25.00, 25.00, 25.00, 1500
04/05/18, 24.75, 25.00, 24.75, 24.75, 4300
04/04/18, 24.75, 25.00, 24.50, 24.75, 8300
04/03/18, 24.50, 25.00, 24.50, 24.50, 400
03/29/18, 25.00, 26.00, 25.00, 25.00, 492700
03/28/18, 25.00, 25.25, 25.00, 25.00, 53400
03/27/18, 25.00, 25.25, 25.00, 25.00, 15900
03/26/18, 25.50, 26.00, 24.75, 25.50, 5700
03/23/18, 25.00, 25.25, 25.00, 25.00, 3600
03/22/18, 25.00, 25.25, 25.00, 25.00, 2200
03/21/18, 25.00, 26.00, 25.00, 25.00, 20300
03/20/18, 26.00, 26.00, 26.00, 26.00, 5300
03/19/18, 25.50, 25.50, 25.50, 25.50, 1000
03/16/18, 25.25, 25.25, 25.25, 25.25, 20000
03/15/18, 25.00, 25.50, 25.00, 25.00, 2200
03/14/18, 24.50, 25.00, 24.50, 24.50, 3400
03/13/18, 25.00, 25.50, 25.00, 25.00, 8200
03/12/18, 24.50, 25.50, 24.50, 24.50, 5600
03/09/18, 25.00, 25.75, 24.50, 25.00, 9400
03/08/18, 25.50, 26.25, 25.50, 25.50, 20200
03/07/18, 26.00, 26.25, 26.00, 26.00, 5000
03/06/18, 26.00, 26.25, 25.50, 26.00, 900
03/05/18, 25.00, 27.00, 25.00, 25.00, 61100
03/02/18, 27.00, 27.25, 26.50, 27.00, 2600
03/01/18, 27.00, 27.00, 27.00, 27.00, 10300
02/28/18, 26.75, 27.00, 26.00, 26.75, 22900
02/27/18, 26.25, 26.50, 26.00, 26.25, 14800
02/26/18, 26.25, 27.00, 25.00, 26.25, 1900
02/23/18, 26.25, 27.25, 25.50, 26.25, 5600
02/22/18, 25.75, 26.00, 25.50, 25.75, 3500
02/21/18, 25.50, 25.50, 25.50, 25.50, 1100
02/20/18, 26.50, 27.00, 25.50, 26.50, 2100
02/19/18, 26.50, 27.00, 25.00, 26.50, 4700
02/16/18, 26.25, 26.50, 25.00, 26.25, 6400
02/15/18, 25.00, 26.50, 24.50, 25.00, 4800
02/14/18, 24.50, 26.25, 24.50, 24.50, 15700
02/13/18, 26.75, 27.00, 26.25, 26.75, 2600
02/12/18, 26.25, 26.25, 26.25, 26.25, 2100
02/09/18, 26.25, 27.00, 26.00, 26.25, 1400
02/08/18, 26.50, 26.50, 26.50, 26.50, 300
02/07/18, 25.00, 26.50, 25.00, 25.00, 13400
02/06/18, 26.00, 26.50, 26.00, 26.00, 15100
02/05/18, 26.00, 26.75, 26.00, 26.00, 4700
02/02/18, 26.50, 26.75, 25.75, 26.50, 2200
02/01/18, 26.25, 26.50, 25.25, 26.25, 5300
01/31/18, 26.00, 26.00, 26.00, 26.00, 48000
01/30/18, 26.00, 26.50, 26.00, 26.00, 3800
01/29/18, 26.25, 26.75, 26.25, 26.25, 3400
01/26/18, 26.25, 27.00, 25.50, 26.25, 18700
01/25/18, 25.50, 26.00, 25.50, 25.50, 24100
01/24/18, 25.50, 26.50, 25.25, 25.50, 1600
01/23/18, 25.25, 26.50, 25.00, 25.25, 22600
01/22/18, 25.00, 26.50, 25.00, 25.00, 27100
01/19/18, 26.75, 27.00, 26.50, 26.75, 4200
01/18/18, 27.25, 27.75, 27.00, 27.25, 8100
01/16/18, 26.00, 27.00, 25.75, 26.00, 4100
01/15/18, 25.50, 26.50, 25.50, 25.50, 4300
01/12/18, 25.25, 26.00, 25.00, 25.25, 2800
01/11/18, 27.00, 27.75, 25.25, 27.00, 3000
01/10/18, 27.75, 28.00, 27.25, 27.75, 11500
01/09/18, 28.00, 29.50, 27.00, 28.00, 18000
01/08/18, 27.00, 27.75, 27.00, 27.00, 1600
01/05/18, 26.00, 26.00, 26.00, 26.00, 200
01/04/18, 26.75, 27.00, 25.75, 26.75, 10500
01/03/18, 25.00, 26.75, 25.00, 25.00, 1300
01/02/18, 27.00, 27.50, 27.00, 27.00, 300
12/29/17, 29.50, 30.00, 29.50, 29.50, 2600
12/28/17, 31.25, 32.00, 30.00, 31.25, 700
12/22/17, 29.25, 30.00, 29.00, 29.25, 1600
12/21/17, 27.75, 31.00, 26.25, 27.75, 700
12/20/17, 28.25, 31.00, 26.00, 28.25, 5100
12/19/17, 28.50, 30.00, 28.00, 28.50, 2900
12/18/17, 28.00, 28.00, 28.00, 28.00, 2400
12/15/17, 27.00, 27.00, 27.00, 27.00, 2800
12/14/17, 26.00, 27.00, 26.00, 26.00, 104600
12/13/17, 27.00, 27.00, 27.00, 27.00, 100
12/11/17, 25.75, 27.00, 24.75, 25.75, 98500
12/08/17, 25.75, 26.25, 25.00, 25.75, 6400
12/07/17, 26.25, 26.50, 25.25, 26.25, 5200
12/06/17, 25.75, 26.00, 24.50, 25.75, 152000
12/05/17, 25.50, 26.25, 24.00, 25.50, 39900
12/04/17, 25.75, 26.25, 25.00, 25.75, 300
12/01/17, 26.25, 26.25, 26.25, 26.25, 2400
11/30/17, 24.50, 26.00, 24.50, 24.50, 27500
11/29/17, 26.25, 26.25, 26.25, 26.25, 200
11/27/17, 26.00, 26.25, 25.25, 26.00, 3100
11/22/17, 26.50, 26.75, 25.25, 26.50, 1300
11/21/17, 27.00, 27.00, 27.00, 27.00, 11200
11/20/17, 26.75, 27.00, 24.50, 26.75, 34000
11/17/17, 25.00, 26.50, 24.00, 25.00, 5500
11/16/17, 25.50, 25.50, 25.50, 25.50, 1300
11/15/17, 25.50, 26.00, 25.00, 25.50, 3300
11/14/17, 26.00, 27.00, 26.00, 26.00, 100600
11/13/17, 26.25, 26.50, 26.00, 26.25, 4200
11/10/17, 26.50, 27.00, 26.00, 26.50, 200
11/08/17, 26.00, 27.50, 26.00, 26.00, 1022100
11/07/17, 27.75, 28.50, 26.75, 27.75, 1500
11/06/17, 26.75, 26.75, 26.75, 26.75, 4400
11/03/17, 26.75, 27.00, 26.00, 26.75, 133100
11/02/17, 26.00, 27.00, 26.00, 26.00, 2100
10/31/17, 26.75, 27.00, 26.75, 26.75, 1500
10/30/17, 26.00, 26.00, 26.00, 26.00, 6400
10/27/17, 26.00, 26.00, 26.00, 26.00, 1600
10/24/17, 26.00, 26.00, 26.00, 26.00, 200
10/23/17, 25.00, 25.00, 25.00, 25.00, 1200
10/19/17, 26.00, 26.00, 26.00, 26.00, 400
10/18/17, 27.25, 27.50, 26.50, 27.25, 54900
10/17/17, 25.50, 25.50, 25.50, 25.50, 400
10/16/17, 26.00, 26.00, 26.00, 26.00, 2100
10/13/17, 26.25, 26.50, 26.25, 26.25, 16900
10/12/17, 26.50, 26.50, 26.50, 26.50, 100
10/11/17, 25.00, 25.00, 25.00, 25.00, 3700
10/10/17, 26.75, 27.50, 25.00, 26.75, 13700
10/09/17, 26.75, 26.75, 26.75, 26.75, 200
10/06/17, 25.00, 25.00, 25.00, 25.00, 400
10/05/17, 25.00, 25.00, 25.00, 25.00, 100
10/04/17, 24.00, 26.25, 24.00, 24.00, 3200
10/03/17, 26.25, 26.25, 26.25, 26.25, 1100
10/02/17, 24.25, 25.00, 24.00, 24.25, 5800
09/29/17, 26.50, 26.50, 26.50, 26.50, 2900
09/28/17, 25.25, 26.00, 24.25, 25.25, 600
09/27/17, 26.00, 26.50, 26.00, 26.00, 1500
09/26/17, 26.50, 26.50, 26.50, 26.50, 300
09/25/17, 25.50, 26.50, 25.50, 25.50, 4600
09/22/17, 26.25, 26.50, 26.25, 26.25, 600
09/21/17, 25.50, 26.25, 24.50, 25.50, 9200
09/20/17, 25.75, 26.50, 25.00, 25.75, 3100
09/19/17, 26.50, 26.75, 26.00, 26.50, 12400
09/18/17, 26.25, 26.50, 25.25, 26.25, 2400
09/15/17, 26.50, 26.75, 26.50, 26.50, 5000
09/14/17, 26.25, 26.50, 26.00, 26.25, 500
09/13/17, 26.50, 26.75, 25.25, 26.50, 15900
09/12/17, 26.50, 26.75, 26.00, 26.50, 5300
09/11/17, 26.50, 26.75, 26.50, 26.50, 200
09/08/17, 25.25, 25.25, 25.25, 25.25, 100
09/07/17, 23.00, 23.25, 23.00, 23.00, 5200
09/06/17, 23.00, 24.00, 23.00, 23.00, 1200
09/05/17, 23.25, 24.00, 23.25, 23.25, 1500
09/04/17, 24.25, 26.50, 22.50, 24.25, 800
09/01/17, 25.00, 26.75, 24.50, 25.00, 6600
08/31/17, 26.75, 27.00, 26.00, 26.75, 11000
08/30/17, 27.00, 27.00, 27.00, 27.00, 200
08/29/17, 26.50, 27.00, 26.25, 26.50, 500
08/28/17, 27.00, 27.00, 27.00, 27.00, 100
08/25/17, 26.50, 27.00, 26.25, 26.50, 600
08/24/17, 26.75, 26.75, 26.75, 26.75, 100
08/23/17, 25.75, 26.75, 25.75, 25.75, 1100
08/22/17, 25.75, 26.00, 25.75, 25.75, 900
08/21/17, 26.75, 27.00, 25.75, 26.75, 10600
08/18/17, 26.00, 27.00, 25.25, 26.00, 3000
08/17/17, 26.50, 27.00, 25.00, 26.50, 30700
08/16/17, 25.50, 26.50, 25.00, 25.50, 17500
08/15/17, 25.75, 26.50, 25.00, 25.75, 5600
08/14/17, 24.50, 24.50, 24.50, 24.50, 1700
08/11/17, 26.00, 26.50, 24.50, 26.00, 1600
08/10/17, 27.00, 27.00, 27.00, 27.00, 100
08/09/17, 26.50, 27.00, 25.00, 26.50, 600
08/07/17, 27.00, 27.00, 27.00, 27.00, 100
08/04/17, 25.25, 25.25, 25.25, 25.25, 100
08/03/17, 25.25, 25.50, 24.50, 25.25, 27100
08/02/17, 25.00, 26.75, 25.00, 25.00, 4900
08/01/17, 24.50, 27.00, 24.50, 24.50, 20800
07/31/17, 25.25, 25.25, 25.25, 25.25, 8500
07/28/17, 27.00, 27.50, 26.50, 27.00, 900
07/27/17, 27.00, 27.00, 26.00, 27.00, 25100
07/26/17, 25.25, 25.25, 25.25, 25.25, 11900
07/25/17, 26.00, 26.75, 25.00, 26.00, 107000
07/24/17, 25.50, 25.75, 25.00, 25.50, 18800
07/21/17, 25.00, 26.00, 25.00, 25.00, 6900
07/20/17, 25.75, 25.75, 25.75, 25.75, 400
07/19/17, 25.50, 26.50, 25.50, 25.50, 1700
07/18/17, 26.25, 26.50, 25.50, 26.25, 400
07/17/17, 25.00, 25.50, 25.00, 25.00, 10500
07/14/17, 26.50, 26.50, 26.50, 26.50, 100
07/13/17, 25.50, 26.50, 25.25, 25.50, 400
07/12/17, 25.25, 26.75, 25.00, 25.25, 2900
07/11/17, 24.75, 25.00, 24.25, 24.75, 8700
07/10/17, 25.00, 27.00, 24.00, 25.00, 10600
07/07/17, 26.50, 27.00, 25.00, 26.50, 1100
07/06/17, 25.50, 27.00, 25.00, 25.50, 10100
07/05/17, 25.25, 26.00, 25.00, 25.25, 28500
07/04/17, 25.50, 27.25, 25.50, 25.50, 3000
07/03/17, 26.50, 27.25, 25.50, 26.50, 1200
06/30/17, 26.50, 27.50, 26.50, 26.50, 3000
06/29/17, 26.50, 27.50, 26.50, 26.50, 1200
06/28/17, 26.50, 27.25, 26.50, 26.50, 6100
06/27/17, 26.50, 27.50, 26.50, 26.50, 3300
06/23/17, 27.50, 27.50, 27.50, 27.50, 900
06/22/17, 26.50, 27.25, 26.50, 26.50, 2200
06/21/17, 26.25, 26.50, 25.00, 26.25, 2700
06/20/17, 26.50, 27.50, 24.75, 26.50, 6300
06/19/17, 25.75, 26.50, 25.75, 25.75, 5200
06/16/17, 25.75, 26.50, 25.75, 25.75, 1600
06/15/17, 26.00, 27.00, 25.75, 26.00, 4900
06/14/17, 26.00, 26.50, 25.75, 26.00, 3400
06/13/17, 25.50, 26.50, 25.50, 25.50, 6700
06/12/17, 26.50, 26.50, 26.50, 26.50, 500
06/09/17, 26.00, 26.50, 26.00, 26.00, 2400
06/08/17, 26.25, 26.50, 25.75, 26.25, 700
06/07/17, 25.50, 25.75, 25.50, 25.50, 500
06/06/17, 25.75, 27.00, 25.50, 25.75, 800
06/05/17, 27.25, 27.75, 25.50, 27.25, 11000
06/02/17, 27.25, 27.50, 25.50, 27.25, 78000
05/31/17, 25.50, 25.50, 25.50, 25.50, 16000
05/30/17, 25.50, 26.00, 25.50, 25.50, 13800
05/29/17, 28.00, 28.00, 26.25, 28.00, 125800
05/26/17, 27.50, 28.00, 26.50, 27.50, 32300
05/25/17, 27.50, 27.75, 27.00, 27.50, 12600
05/24/17, 27.75, 27.75, 27.75, 27.75, 100
05/23/17, 26.75, 27.50, 25.25, 26.75, 32700
05/22/17, 25.75, 27.50, 25.25, 25.75, 3700
05/19/17, 26.25, 27.25, 25.00, 26.25, 3700
05/18/17, 25.00, 25.00, 25.00, 25.00, 2200
05/17/17, 25.25, 27.50, 25.00, 25.25, 10500
05/16/17, 25.25, 27.00, 25.00, 25.25, 13500
05/15/17, 25.75, 26.00, 25.25, 25.75, 35900
05/12/17, 27.25, 27.50, 25.25, 27.25, 51800
05/11/17, 25.50, 26.75, 25.50, 25.50, 8300
05/10/17, 25.50, 26.00, 25.50, 25.50, 2000
05/09/17, 26.00, 26.75, 26.00, 26.00, 8100
05/08/17, 26.75, 27.50, 26.00, 26.75, 2800
05/05/17, 26.00, 27.50, 26.00, 26.00, 7500
05/04/17, 27.25, 27.75, 26.00, 27.25, 700
05/03/17, 26.75, 27.75, 26.00, 26.75, 8000
05/02/17, 27.25, 27.75, 25.75, 27.25, 43200
04/28/17, 27.00, 28.00, 25.75, 27.00, 1600
04/27/17, 27.00, 27.75, 25.75, 27.00, 17700
04/26/17, 27.50, 27.75, 25.00, 27.50, 2100
04/25/17, 26.75, 27.75, 24.75, 26.75, 30900
04/21/17, 27.00, 28.00, 25.25, 27.00, 9100
04/20/17, 28.00, 28.00, 28.00, 28.00, 24300
04/19/17, 26.00, 26.25, 24.25, 26.00, 10100
04/18/17, 24.00, 26.50, 24.00, 24.00, 7300
04/13/17, 24.50, 24.50, 24.50, 24.50, 100
04/12/17, 26.50, 27.00, 26.50, 26.50, 3400
04/11/17, 27.75, 28.00, 24.50, 27.75, 2130200
04/10/17, 25.50, 26.00, 24.00, 25.50, 276600
04/07/17, 24.25, 25.50, 24.00, 24.25, 20300
04/06/17, 24.25, 25.50, 24.00, 24.25, 1700
04/05/17, 26.00, 26.00, 25.75, 26.00, 5800
04/04/17, 25.50, 26.00, 23.75, 25.50, 18500
04/03/17, 25.75, 26.50, 23.75, 25.75, 4300
03/31/17, 26.00, 26.50, 25.00, 26.00, 96800
03/30/17, 24.25, 24.25, 24.25, 24.25, 17200
03/29/17, 24.25, 26.00, 24.00, 24.25, 2100
03/28/17, 23.75, 24.00, 23.00, 23.75, 31200
03/27/17, 22.75, 23.00, 22.50, 22.75, 9500
03/24/17, 22.50, 24.00, 22.50, 22.50, 12200
03/23/17, 23.50, 23.75, 22.50, 23.50, 47400
03/22/17, 21.75, 22.00, 21.75, 21.75, 1300
03/21/17, 22.00, 22.50, 20.00, 22.00, 4200
03/20/17, 21.75, 22.00, 21.75, 21.75, 400
03/17/17, 21.75, 22.00, 20.75, 21.75, 78700
03/16/17, 21.50, 22.00, 20.75, 21.50, 12700
03/15/17, 21.25, 22.00, 21.00, 21.25, 12100
03/14/17, 21.25, 22.00, 20.00, 21.25, 207500
03/13/17, 20.75, 20.75, 19.60, 20.75, 110000
03/10/17, 20.25, 20.50, 20.25, 20.25, 400
03/09/17, 20.75, 21.00, 20.50, 20.75, 32800
03/08/17, 20.25, 20.25, 20.25, 20.25, 7000
03/07/17, 20.75, 21.25, 20.00, 20.75, 31600
03/06/17, 20.25, 20.75, 20.25, 20.25, 30100
03/02/17, 19.00, 19.00, 19.00, 19.00, 10000
03/01/17, 18.60, 18.60, 18.60, 18.60, 200
02/28/17, 20.00, 20.00, 20.00, 20.00, 300
02/27/17, 20.50, 21.25, 20.00, 20.50, 2200
02/24/17, 20.75, 21.00, 20.50, 20.75, 6800
02/23/17, 20.50, 21.75, 20.25, 20.50, 1000
02/22/17, 20.75, 22.00, 20.75, 20.75, 100200
02/21/17, 21.00, 21.25, 18.60, 21.00, 54100
02/20/17, 19.85, 20.50, 18.60, 19.85, 3400
02/17/17, 18.65, 20.00, 18.50, 18.65, 9000
02/16/17, 20.00, 20.50, 20.00, 20.00, 77400
02/15/17, 19.90, 20.25, 19.00, 19.90, 66700
02/14/17, 19.35, 19.60, 19.00, 19.35, 40200
02/13/17, 20.00, 20.25, 20.00, 20.00, 2700
02/10/17, 19.95, 20.25, 19.50, 19.95, 51800
02/09/17, 20.00, 20.00, 18.50, 20.00, 274800
02/08/17, 18.50, 19.40, 17.60, 18.50, 317700
02/07/17, 17.80, 18.50, 17.65, 17.80, 4500
02/06/17, 17.80, 18.10, 17.60, 17.80, 500
02/03/17, 19.20, 19.20, 19.20, 19.20, 1000
02/02/17, 19.00, 19.00, 19.00, 19.00, 200
02/01/17, 18.65, 19.00, 18.50, 18.65, 300
01/31/17, 18.00, 18.00, 18.00, 18.00, 1300
01/30/17, 17.60, 17.85, 17.60, 17.60, 19400
01/27/17, 17.60, 18.00, 17.60, 17.60, 9600
01/26/17, 17.50, 17.60, 17.50, 17.50, 93300
01/25/17, 17.60, 18.00, 17.50, 17.60, 2300
01/24/17, 17.55, 19.10, 17.50, 17.55, 12600
01/23/17, 17.45, 19.40, 17.00, 17.45, 500
01/20/17, 17.70, 18.20, 17.50, 17.70, 1500
01/18/17, 18.20, 18.20, 18.20, 18.20, 800
01/17/17, 17.50, 17.55, 17.50, 17.50, 2500
01/16/17, 18.20, 19.40, 18.00, 18.20, 600
01/13/17, 18.25, 19.50, 17.90, 18.25, 1400
01/12/17, 20.00, 20.00, 20.00, 20.00, 1100
01/11/17, 19.45, 19.50, 19.00, 19.45, 7600
01/10/17, 19.85, 20.75, 19.50, 19.85, 4300
01/09/17, 20.25, 20.75, 20.00, 20.25, 1100
01/06/17, 20.75, 21.00, 19.50, 20.75, 69900
01/05/17, 20.25, 21.00, 20.00, 20.25, 1000
01/04/17, 19.85, 21.00, 19.50, 19.85, 3400
01/03/17, 19.90, 21.00, 19.20, 19.90, 4900