Date,Open,High,Low,Close,Volume,Company
12/29/2023,20,20,20,20,4600,SASN
12/28/2023,20,20,20,20,15200,SASN
12/27/2023,20,20,20,20,300,SASN
12/22/2023,20,20,20,20,2100,SASN
12/21/2023,20,20,19.7,19.75,1300,SASN
12/20/2023,19.7,19.7,19.7,19.7,2100,SASN
12/19/2023,20,20,20,20,1000,SASN
12/18/2023,20,20,20,20,500,SASN
12/15/2023,20,20,20,20,2700,SASN
12/13/2023,19.7,20,19.7,19.8,1800,SASN
11/12/2023,19.7,19.7,19.5,19.5,7900,SASN
07/12/2023,20,20,19.5,19.7,3300,SASN
06/12/2023,20,20,20,20,500,SASN
05/12/2023,19.95,20,19.95,20,2600,SASN
04/12/2023,20,20,19.5,19.85,12700,SASN
01/12/2023,20,20,20,20,1800,SASN
11/30/2023,19,19,18.35,18.95,1800,SASN
11/29/2023,19.9,20,19.8,19.85,6600,SASN
11/28/2023,19.8,20,19.8,19.9,800,SASN
11/27/2023,19.8,20,19.8,19.8,1200,SASN
11/24/2023,20,20,20,20,7000,SASN
11/23/2023,20,20,20,20,8100,SASN
11/22/2023,18.2,18.2,18.2,18.2,1200,SASN
11/21/2023,19,19,18.2,18.85,1400,SASN
11/20/2023,18.8,18.8,18.1,18.7,1500,SASN
11/17/2023,18.45,18.45,18.45,18.45,300,SASN
11/15/2023,18.65,18.65,18,18.45,3600,SASN
11/14/2023,18.9,19,18.55,18.8,1900,SASN
10/11/2023,18.65,19,18.65,18.9,300,SASN
09/11/2023,19,19,19,19,300,SASN
08/11/2023,19,19,19,19,400,SASN
07/11/2023,19.8,19.8,18.55,19.8,15100,SASN
06/11/2023,20,20,19.8,19.8,900,SASN
03/11/2023,22,22,19.8,20.45,2900,SASN
02/11/2023,22,22,22,22,100,SASN
10/31/2023,22,22,21.95,22,22400,SASN
10/30/2023,21.8,21.8,21.8,21.8,100,SASN
10/26/2023,23.95,24,23.95,24,200,SASN
10/25/2023,21.95,21.95,21.9,21.95,1900,SASN
10/24/2023,21.95,21.95,21,21.4,2000,SASN
10/23/2023,21.5,21.95,21.5,21.65,300,SASN
10/19/2023,21.95,21.95,19.8,21.1,300,SASN
10/18/2023,22,22,21.6,21.95,13100,SASN
10/17/2023,23,23,23,23,600,SASN
10/16/2023,23.8,23.8,22,22.45,400,SASN
12/10/2023,21.7,21.7,21.7,21.7,100,SASN
11/10/2023,22,22,22,22,1400,SASN
09/10/2023,22,22,22,22,2000,SASN
06/10/2023,22,22,21.5,21.7,17000,SASN
05/10/2023,23,23,22.25,22.95,4700,SASN
04/10/2023,22.1,23,22.1,22.35,1100,SASN
03/10/2023,22,23,21.5,22.1,2300,SASN
02/10/2023,24.05,24.05,23.5,23.85,3200,SASN
09/29/2023,24.1,24.7,24,24.1,4500,SASN
09/28/2023,26,26,24.1,24.7,800,SASN
09/27/2023,25,25,25,25,400,SASN
09/25/2023,24,24,24,24,100,SASN
09/22/2023,26,26,26,26,200,SASN
09/21/2023,26,26,23.5,23.8,6900,SASN
09/19/2023,26,26,26,26,100,SASN
09/18/2023,24,24,23.5,23.8,900,SASN
09/15/2023,23.1,23.1,23.1,23.1,1000,SASN
09/14/2023,23.05,23.05,23,23.05,75000,SASN
09/13/2023,23.05,23.05,23,23.05,3700,SASN
11/09/2023,22.5,24,22.5,22.75,2400,SASN
07/09/2023,24,24,24,24,100,SASN
06/09/2023,23.5,24,23.5,23.75,4700,SASN
05/09/2023,24,24,23.65,24,5500,SASN
04/09/2023,24,24,24,24,1000,SASN
01/09/2023,24,24,23.25,23.65,200,SASN
08/31/2023,23,24,23,23.5,200,SASN
08/30/2023,22.5,24,22.5,23.25,1100,SASN
08/29/2023,24,24,22.5,23.8,2900,SASN
08/28/2023,25,25,24,24.15,1400,SASN
08/25/2023,25,25,25,25,1300,SASN
08/24/2023,25,25,25,25,700,SASN
08/23/2023,26.25,26.25,26,26.2,11500,SASN
08/18/2023,26,26,26,26,600,SASN
08/15/2023,29,29,24.25,26.25,2200,SASN
08/14/2023,26.9,29,26.9,26.9,30100,SASN
11/08/2023,26.9,26.9,26.9,26.9,100,SASN
10/08/2023,26.5,28,26,26.9,1200,SASN
09/08/2023,26.5,26.5,26.5,26.5,100,SASN
07/08/2023,25.8,28.3,25.8,26.2,5100,SASN
04/08/2023,25.85,25.85,25.8,25.8,10200,SASN
03/08/2023,25.8,25.8,25.8,25.8,2500,SASN
02/08/2023,24.5,25.8,24,25.65,10700,SASN
01/08/2023,24.5,24.5,24.5,24.5,300,SASN
07/31/2023,24.5,24.5,24.5,24.5,1600,SASN
07/28/2023,25.8,25.8,25,25.3,500,SASN
07/25/2023,27,27,25.7,25.8,5500,SASN
07/24/2023,27,27,27,27,1200,SASN
07/21/2023,27,27,27,27,100,SASN
07/20/2023,28,28,28,28,100,SASN
07/19/2023,29,29,29,29,900,SASN
07/18/2023,28.5,29,27,27.9,9300,SASN
07/17/2023,29,29,29,29,300,SASN
07/14/2023,29,29,29,29,2000,SASN
07/13/2023,28.5,29,28,28.2,17500,SASN
12/07/2023,28,28,28,28,1000,SASN
11/07/2023,30,30,29,29.15,600,SASN
10/07/2023,30.5,30.5,30.5,30.5,100,SASN
07/07/2023,29,29,29,29,4200,SASN
06/07/2023,30.5,30.5,29.85,30.05,300,SASN
05/07/2023,29.85,29.85,29.85,29.85,300,SASN
03/07/2023,30.5,30.5,29.75,29.85,4700,SASN
06/30/2023,30,30,30,30,100,SASN
06/29/2023,29.8,29.8,29.8,29.8,400,SASN
06/27/2023,30.8,30.8,30.8,30.8,100,SASN
06/26/2023,30,32.6,29.75,30.8,300,SASN
06/23/2023,30,30,28,29.75,1900,SASN
06/22/2023,30,30,30,30,200,SASN
06/21/2023,30,30,30,30,100,SASN
06/20/2023,30,30,30,30,15800,SASN
06/19/2023,30,30,30,30,100,SASN
06/16/2023,30,30,30,30,200,SASN
06/15/2023,30,30,30,30,49000,SASN
06/14/2023,30,30,30,30,54500,SASN
06/13/2023,30,30,30,30,25000,SASN
12/06/2023,30,31,27.3,29.85,9800,SASN
09/06/2023,30,30,30,30,4000,SASN
08/06/2023,30,30,28,29.75,7000,SASN
07/06/2023,27.1,31,26,27.3,1300,SASN
06/06/2023,31,31,28.5,28.7,1300,SASN
05/06/2023,31,31,31,31,200,SASN
02/06/2023,28.5,28.5,28.5,28.5,400,SASN
05/31/2023,28,28.55,26,27.1,1800,SASN
05/30/2023,26,26,26,26,1000,SASN
05/29/2023,28,28,26,26.2,2700,SASN
05/26/2023,25.35,27.15,25,26.15,2000,SASN
05/25/2023,27,27.25,27,27.15,9900,SASN
05/24/2023,27.25,27.25,27.25,27.25,3100,SASN
05/23/2023,27.5,27.5,27,27.25,200,SASN
05/22/2023,29,29,27.7,28.15,300,SASN
05/19/2023,27.5,30,27.5,28.75,200,SASN
05/18/2023,31,31,28.7,29.9,300,SASN
05/17/2023,30,30,27.7,28.65,2400,SASN
05/16/2023,30,30,30,30,100,SASN
05/15/2023,31.3,31.3,31,31.05,600,SASN
12/05/2023,31.3,31.3,31.3,31.3,1600,SASN
11/05/2023,31,31.4,31,31.3,400,SASN
10/05/2023,31.4,31.4,31.4,31.4,100,SASN
09/05/2023,31.5,31.5,27.7,28.55,700,SASN
08/05/2023,31.5,31.5,28.9,29.75,300,SASN
05/05/2023,29,29,27.5,28.65,700,SASN
04/05/2023,28.9,28.9,28.9,28.9,100,SASN
03/05/2023,29,29,28.9,28.9,600,SASN
04/27/2023,27.1,27.8,27.1,27.45,200,SASN
04/26/2023,27,27.1,27,27,1200,SASN
04/25/2023,28,28,28,28,300,SASN
04/24/2023,27.8,28,27,27.4,1900,SASN
04/20/2023,27.8,27.8,27.8,27.8,1200,SASN
04/19/2023,27.8,27.8,27,27.4,6800,SASN
04/18/2023,29.9,29.9,27,27.8,4400,SASN
04/17/2023,27.15,29.9,27,27.35,2500,SASN
04/14/2023,29,29,27,27.2,6100,SASN
04/13/2023,29.9,29.9,29,29.05,3800,SASN
12/04/2023,29,29.9,29,29.15,1800,SASN
11/04/2023,29,29,29,29,13600,SASN
06/04/2023,29,29.5,29,29,4800,SASN
05/04/2023,27.9,29,27.5,27.9,11800,SASN
04/04/2023,27.9,27.9,27.9,27.9,5000,SASN
03/04/2023,25.75,25.75,25.7,25.7,600,SASN
03/31/2023,26,26,25.7,25.75,500,SASN
03/30/2023,27,27,26.8,26.95,2100,SASN
03/29/2023,27,27,27,27,1300,SASN
03/28/2023,27,27,27,27,200,SASN
03/27/2023,25.6,25.6,25.6,25.6,5200,SASN
03/24/2023,25.6,25.6,25.6,25.6,100,SASN
03/23/2023,26.9,26.9,25.5,25.55,3900,SASN
03/22/2023,27,27,26.9,26.9,500,SASN
03/21/2023,27,27,25.5,25.85,900,SASN
03/20/2023,26.95,27,26.95,27,7700,SASN
03/17/2023,25.1,25.2,25.1,25.1,10600,SASN
03/16/2023,25,26.95,25,25.1,10000,SASN
03/15/2023,25.45,25.45,25.45,25.45,300,SASN
03/14/2023,25.5,25.9,25,25.45,5500,SASN
10/03/2023,25,25,25,25,500,SASN
09/03/2023,24.95,25,24.95,24.95,2100,SASN
08/03/2023,24,25,22,24.4,8500,SASN
07/03/2023,22.4,24,22.4,22.85,1200,SASN
06/03/2023,22.4,24,22,22.55,1300,SASN
02/03/2023,22,22,22,22,700,SASN
01/03/2023,22.5,22.5,22,22.4,1600,SASN
02/28/2023,22,22.5,22,22.25,400,SASN
02/24/2023,22,22,22,22,200,SASN
02/23/2023,23,23,22,22.6,400,SASN
02/22/2023,22,23,22,22.3,36600,SASN
02/21/2023,21.5,21.55,21.5,21.55,1800,SASN
02/20/2023,21.5,21.5,21.5,21.5,400,SASN
02/17/2023,21.5,21.5,21.5,21.5,100,SASN
02/16/2023,21.6,21.6,21,21.1,800,SASN
02/15/2023,22,23,21.5,21.65,2700,SASN
02/14/2023,21.6,21.6,21.6,21.6,4100,SASN
02/13/2023,23,23,21.6,22.4,19200,SASN
10/02/2023,21.5,23,21.5,22.55,50700,SASN
09/02/2023,21.5,21.5,21.5,21.5,4000,SASN
08/02/2023,21.5,21.5,21.5,21.5,3100,SASN
07/02/2023,21.5,21.5,21.5,21.5,100,SASN
06/02/2023,23,23,21.5,21.7,800,SASN
03/02/2023,23,23,23,23,100,SASN
02/02/2023,21.5,21.5,21.5,21.5,1700,SASN
01/02/2023,21.5,23,21.5,21.6,7100,SASN
01/31/2023,21,21.3,21,21.1,6900,SASN
01/30/2023,20.9,21.5,20.9,21.05,8500,SASN
01/26/2023,21,21,21,21,100,SASN
01/24/2023,21,21,21,21,2100,SASN
01/23/2023,21.3,21.3,21.25,21.3,500,SASN
01/20/2023,21.45,21.45,21.45,21.45,400,SASN
01/18/2023,20,21.45,20,20.3,5000,SASN
01/17/2023,20.5,20.5,20.5,20.5,13900,SASN
01/16/2023,21.75,21.75,20.5,20.65,1000,SASN
01/13/2023,21.9,21.9,20.5,21.4,3900,SASN
12/01/2023,22,22,20.5,20.9,3000,SASN
11/01/2023,22.3,22.3,21,21.9,10700,SASN
10/01/2023,21.7,22.3,21.65,22.1,5200,SASN
09/01/2023,22,22.45,22,22.4,4600,SASN
06/01/2023,22.5,22.5,21.7,21.95,300,SASN
05/01/2023,22.5,22.5,22,22.4,4800,SASN
04/01/2023,22.15,22.5,22.1,22.45,6000,SASN
03/01/2023,22,22.5,22,22.45,6900,SASN
12/30/2022,22.1,22.5,22.1,22.45,10800,SASN
12/29/2022,21,21,21,21,100,SASN
12/28/2022,22.5,22.5,20.5,22.05,900,SASN
12/23/2022,22.5,22.5,22.5,22.5,1000,SASN
12/21/2022,22.25,22.25,22,22.05,9600,SASN
12/20/2022,22.05,22.25,22,22.2,5100,SASN
12/19/2022,21.75,22.25,21.75,22,26600,SASN
12/16/2022,22,22,22,22,1000,SASN
12/15/2022,21.9,22,21,21.9,6300,SASN
12/14/2022,21.9,21.9,21.1,21.8,1700,SASN
09/12/2022,22,22,21.3,22,36700,SASN
08/12/2022,22,22,22,22,300,SASN
07/12/2022,22,22,21.05,21.4,1600,SASN
06/12/2022,22,22,22,22,8100,SASN
05/12/2022,22,22,22,22,600,SASN
02/12/2022,22,22,21.05,21.95,3400,SASN
11/29/2022,21,21,21,21,400,SASN
11/28/2022,22.25,23,21,22.15,9400,SASN
11/25/2022,21,22.5,21,22.35,1100,SASN
11/24/2022,21,21,21,21,3100,SASN
11/23/2022,20.95,21,20.95,21,13700,SASN
11/22/2022,22,22,22,22,100,SASN
11/21/2022,20.95,21,20.95,21,92200,SASN
11/18/2022,20,20.95,20,20.7,4000,SASN
11/17/2022,20,20,20,20,200,SASN
11/16/2022,20.5,20.5,20.5,20.5,3100,SASN
11/15/2022,20.5,22.45,20.5,21,400,SASN
11/14/2022,20.5,20.5,20.5,20.5,6300,SASN
11/11/2022,20.5,20.5,20.5,20.5,200,SASN
10/11/2022,22,22.05,22,22,10500,SASN
09/11/2022,22.25,22.25,22,22.05,700,SASN
08/11/2022,22.25,22.25,22,22.25,5200,SASN
07/11/2022,22,22,22,22,800,SASN
04/11/2022,20.95,22,20.95,21,10500,SASN
03/11/2022,20.95,20.95,20.5,20.85,900,SASN
02/11/2022,22,22,21,21.2,700,SASN
10/31/2022,21,21,21,21,24500,SASN
10/28/2022,21,21,21,21,1000,SASN
10/26/2022,21,21,21,21,300,SASN
10/25/2022,20.95,20.95,20,20.3,1500,SASN
10/21/2022,20.9,21.95,20,20.95,4500,SASN
10/19/2022,20.45,21,20.45,20.8,1200,SASN
10/18/2022,20.45,20.45,20,20.05,1300,SASN
10/17/2022,20,20.45,20,20.45,3600,SASN
10/14/2022,19.8,21,19.45,21,19700,SASN
10/13/2022,21.95,21.95,21,21.55,800,SASN
11/10/2022,22,22,21.5,21.95,1900,SASN
07/10/2022,23,23.7,23,23.05,1300,SASN
06/10/2022,23,23,23,23,200,SASN
05/10/2022,23.7,23.7,23.7,23.7,3300,SASN
04/10/2022,23,23,23,23,600,SASN
03/10/2022,24,24,23.7,23.75,5300,SASN
09/30/2022,23.5,24,23.5,23.75,400,SASN
09/29/2022,23.5,23.9,23.5,23.85,1100,SASN
09/28/2022,23.9,23.9,23.9,23.9,900,SASN
09/27/2022,23.9,23.9,23.9,23.9,1200,SASN
09/26/2022,23.9,24,23.9,23.95,4500,SASN
09/23/2022,23.9,23.9,23.9,23.9,4200,SASN
09/22/2022,23,24,23,23.9,1100,SASN
09/21/2022,24,24,24,24,500,SASN
09/20/2022,22,24,22,22.35,1400,SASN
09/19/2022,22.1,22.1,22.1,22.1,1900,SASN
09/16/2022,22.1,22.1,22.1,22.1,2500,SASN
09/15/2022,22.1,22.1,22.1,22.1,1000,SASN
09/14/2022,23.95,23.95,22.1,23.6,500,SASN
12/09/2022,22.1,22.1,22.1,22.1,700,SASN
09/09/2022,23,23.5,23,23.2,2800,SASN
08/09/2022,23,23,23,23,100,SASN
07/09/2022,22.5,23,22,22.5,3500,SASN
06/09/2022,23.5,23.5,22,22.5,1100,SASN
05/09/2022,23.5,23.5,23,23.15,300,SASN
02/09/2022,22.05,23,22.05,22.15,1000,SASN
01/09/2022,22,22.6,22,22.1,500,SASN
08/30/2022,23,23.5,23,23.15,700,SASN
08/29/2022,23.5,23.5,23,23.25,200,SASN
08/26/2022,22.5,22.5,21.15,21.7,1100,SASN
08/25/2022,23.5,23.5,23.5,23.5,200,SASN
08/24/2022,24,24,24,24,200,SASN
08/23/2022,24,24,22.5,23.5,300,SASN
08/22/2022,22.6,24,20.05,22.7,800,SASN
08/19/2022,22.6,22.6,20.4,22.25,6300,SASN
08/17/2022,22.6,22.6,22.6,22.6,100,SASN
08/16/2022,22,22.45,22,22.2,700,SASN
08/15/2022,20.8,21,20.8,20.95,600,SASN
11/08/2022,20.55,21.05,20.55,20.8,600,SASN
08/08/2022,20,21.05,20,20.55,200,SASN
05/08/2022,21,21,21,21,500,SASN
04/08/2022,21,21,21,21,500,SASN
03/08/2022,21,21,19,19.5,1000,SASN
02/08/2022,21,21,21,21,100,SASN
01/08/2022,21,21,21,21,300,SASN
07/29/2022,19.85,21,19.8,20.4,400,SASN
07/28/2022,19.85,19.85,19.85,19.85,100,SASN
07/27/2022,21.9,21.9,19.8,20.5,300,SASN
07/22/2022,22.2,22.2,21.85,21.9,1300,SASN
07/21/2022,21.85,22.6,21.85,22.25,200,SASN
07/20/2022,21.85,21.85,21.85,21.85,100,SASN
07/19/2022,22.2,22.6,22.2,22.5,800,SASN
07/18/2022,22.2,22.2,22,22.15,400,SASN
07/15/2022,22,22.2,22,22,6700,SASN
07/14/2022,22,22,22,22,4000,SASN
07/13/2022,22,22,22,22,100,SASN
12/07/2022,20.8,20.8,20.8,20.8,4600,SASN
08/07/2022,20.8,20.8,20.8,20.8,1900,SASN
07/07/2022,19,19.4,19,19.25,2500,SASN
06/07/2022,19,19,19,19,200,SASN
04/07/2022,19,19,19,19,200,SASN
06/30/2022,19,19,19,19,600,SASN
06/24/2022,19.4,19.4,19.4,19.4,400,SASN
06/23/2022,21.5,22,19.4,20.8,4500,SASN
06/22/2022,21.5,21.5,21.5,21.5,1800,SASN
06/21/2022,21.5,21.5,21.05,21.4,400,SASN
06/20/2022,20.5,21.05,20.5,21,1000,SASN
06/17/2022,20.5,20.5,20.5,20.5,600,SASN
06/16/2022,20.5,20.5,20.5,20.5,200,SASN
06/15/2022,20.5,21.05,20.5,20.8,1500,SASN
06/14/2022,20.5,20.5,20.5,20.5,400,SASN
06/13/2022,20.5,20.5,20.5,20.5,100,SASN
10/06/2022,21,21.05,21,21.05,200,SASN
07/06/2022,20.5,20.5,20.5,20.5,900,SASN
06/06/2022,20.5,20.5,20,20.05,3000,SASN
02/06/2022,20.5,20.5,20.5,20.5,400,SASN
05/31/2022,20.5,20.5,20.05,20.15,600,SASN
05/30/2022,20.5,20.5,20.5,20.5,100,SASN
05/27/2022,20.5,20.5,20.5,20.5,4500,SASN
05/26/2022,20.5,20.5,20.5,20.5,1900,SASN
05/25/2022,20.5,20.5,20.5,20.5,1500,SASN
05/24/2022,20.8,20.8,20.8,20.8,600,SASN
05/23/2022,21,21,20.8,20.9,200,SASN
05/20/2022,21,21,21,21,100,SASN
05/19/2022,21,21,20.5,20.8,800,SASN
05/18/2022,20.5,21,20.5,20.7,7700,SASN
05/17/2022,20.8,20.8,20.5,20.55,3100,SASN
05/16/2022,20.75,21,20.75,20.8,600,SASN
05/13/2022,21,21,20.7,20.75,11300,SASN
12/05/2022,20.5,21.55,20.5,21.05,4000,SASN
11/05/2022,20.7,20.7,20,20.25,300,SASN
09/05/2022,19.2,20.5,19.2,19.25,2000,SASN
05/05/2022,19.2,21,19.2,20.85,1100,SASN
04/05/2022,19.5,21.1,19.5,19.65,1100,SASN
04/28/2022,21,21.2,21,21.1,1300,SASN
04/26/2022,20.5,21.4,20.5,21.2,5100,SASN
04/25/2022,20.5,20.5,20.5,20.5,500,SASN
04/21/2022,21,21,21,21,300,SASN
04/20/2022,21,21,21,21,100,SASN
04/19/2022,20,20,19.5,19.5,3800,SASN
04/14/2022,19.5,19.5,19.15,19.35,5300,SASN
04/13/2022,20.3,20.3,19,19.65,600,SASN
08/04/2022,18.6,18.6,18.6,18.6,3000,SASN
07/04/2022,18.6,18.6,18.6,18.6,1000,SASN
06/04/2022,18.6,18.9,18.6,18.75,200,SASN
05/04/2022,18.5,18.9,18.5,18.6,23100,SASN
01/04/2022,18.6,18.6,18.6,18.6,1500,SASN
03/31/2022,19,19,18.6,18.65,1400,SASN
03/30/2022,18.6,18.6,18.6,18.6,3000,SASN
03/29/2022,18.5,18.5,18.5,18.5,200,SASN
03/28/2022,18.2,18.6,18.2,18.45,1100,SASN
03/25/2022,18.6,18.6,18.6,18.6,4900,SASN
03/24/2022,19.05,19.05,18.3,18.35,1100,SASN
03/23/2022,19.65,20,18.2,19.05,2200,SASN
03/22/2022,18.5,18.5,17.9,18.2,200,SASN
03/21/2022,17.9,19.5,17.9,19.25,1200,SASN
03/18/2022,17.9,17.9,17.9,17.9,300,SASN
03/17/2022,18.3,19.7,17.9,18.45,2200,SASN
03/15/2022,19.7,19.7,19.7,19.7,400,SASN
03/14/2022,19,19.75,19,19.25,2100,SASN
11/03/2022,19.75,19.75,19.75,19.75,1900,SASN
10/03/2022,18.25,20.05,18,18,72500,SASN
09/03/2022,18.3,18.3,18.3,18.3,100,SASN
08/03/2022,18.3,18.3,18,18.25,1400,SASN
07/03/2022,18.3,18.3,18.3,18.3,600,SASN
04/03/2022,18.3,18.3,18,18.1,47200,SASN
03/03/2022,18.3,18.3,18.3,18.3,5100,SASN
02/03/2022,19,19,18.3,18.6,500,SASN
01/03/2022,19,19,19,19,16000,SASN
02/28/2022,20.1,20.1,19,20.05,10500,SASN
02/25/2022,20.1,20.1,20,20.1,12700,SASN
02/24/2022,20.1,21,20,20.05,40200,SASN
02/23/2022,22.1,22.1,20,21.4,600,SASN
02/22/2022,21.9,22.2,20.1,21.7,6800,SASN
02/21/2022,20.95,22.3,20.1,20.2,21100,SASN
02/18/2022,20.95,22.3,20.95,21.4,300,SASN
02/17/2022,21.5,21.85,21,21.5,1200,SASN
02/16/2022,20,22.3,20,20.95,900,SASN
02/15/2022,21,21,20.1,20.85,6300,SASN
02/14/2022,20.1,22.3,20.1,20.8,700,SASN
11/02/2022,22.3,22.3,22.3,22.3,300,SASN
10/02/2022,21,21,20.1,20.95,10600,SASN
09/02/2022,21.1,21.1,21,21,900,SASN
08/02/2022,21,22.5,20.5,21.1,17700,SASN
07/02/2022,21,21,21,21,2800,SASN
04/02/2022,21,21,21,21,200,SASN
03/02/2022,21,21,21,21,5200,SASN
02/02/2022,21,21,21,21,100,SASN
01/02/2022,21,21,21,21,200,SASN
01/28/2022,21,21.95,21,21,10100,SASN
01/27/2022,21,21.5,21,21.1,1300,SASN
01/25/2022,21.85,21.85,20,21,6700,SASN
01/24/2022,21,21.85,21,21.1,4300,SASN
01/21/2022,21.5,21.5,20.05,20.95,1100,SASN
01/20/2022,20,21.5,20,20.35,1000,SASN
01/19/2022,20.25,21,20,20.05,7600,SASN
01/18/2022,21.85,21.85,20,20.55,4800,SASN
01/17/2022,21.05,22.45,21.05,21.85,5100,SASN
01/14/2022,22,22.3,20.55,21.05,86100,SASN
01/13/2022,22.2,22.2,22.2,22.2,1200,SASN
12/01/2022,21,22.5,21,22.2,14600,SASN
11/01/2022,20.55,20.55,20.55,20.55,1100,SASN
10/01/2022,20.55,20.55,20.55,20.55,1600,SASN
07/01/2022,21,21.85,21,21.25,1100,SASN
06/01/2022,20.55,21,20,20.25,2600,SASN
05/01/2022,18.7,20,18.7,19.95,2100,SASN
12/30/2021,18.7,18.7,18.7,18.7,100,SASN
12/30/2021,20.75,20.75,20.75,20.75,2000,SASN
12/30/2021,21.9,21.9,21.9,21.9,100,SASN
12/30/2021,21.95,21.95,21.5,21.9,23400,SASN
12/30/2021,21.95,21.95,21.95,21.95,100,SASN
12/30/2021,21.95,21.95,20.75,21.85,6000,SASN
12/30/2021,21.95,21.95,21.95,21.95,3500,SASN
12/30/2021,21,21,19.5,20.3,1400,SASN
12/30/2021,20.6,20.6,20.5,20.55,200,SASN
12/30/2021,21,22.6,20,22.4,5600,SASN
12/30/2021,20.6,21.8,20,20.6,2500,SASN
10/12/2021,20.6,20.6,20.6,20.6,3000,SASN
09/12/2021,19,19,18.4,18.85,1300,SASN
07/12/2021,18.3,18.4,18.3,18.4,2900,SASN
06/12/2021,19,19,18.4,18.4,3900,SASN
03/12/2021,19,19,19,19,2000,SASN
02/12/2021,19,19,19,19,14800,SASN
01/12/2021,19,19,18.3,19,54700,SASN
11/29/2021,18.2,18.2,18.2,18.2,100,SASN
11/26/2021,18.1,18.1,18.1,18.1,500,SASN
11/22/2021,18,18,18,18,2200,SASN
11/19/2021,19,19,18,18.65,300,SASN
11/17/2021,18,18,18,18,2200,SASN
11/16/2021,18.25,18.25,18.25,18.25,200,SASN
11/15/2021,19.3,19.3,18,18.25,1100,SASN
12/11/2021,18,19.9,18,18.1,2400,SASN
11/11/2021,18,19.3,18,18.45,300,SASN
10/11/2021,19,19,19,19,15300,SASN
09/11/2021,19.9,19.9,19,19,11600,SASN
08/11/2021,19.1,20,19.1,19.9,10000,SASN
05/11/2021,20,20,19.5,19.65,700,SASN
03/11/2021,20,20,20,20,100,SASN
02/11/2021,19.75,19.75,19,19.05,2200,SASN
01/11/2021,20,20,20,20,8200,SASN
10/29/2021,20,20,19,19.95,8300,SASN
10/28/2021,19.8,20,19.8,20,3100,SASN
10/27/2021,19.8,19.8,19,19.5,500,SASN
10/26/2021,19,19,19,19,1100,SASN
10/25/2021,20,20.45,19,19.8,1600,SASN
10/22/2021,21,21,21,21,2000,SASN
10/21/2021,21,21,20,20.25,400,SASN
10/19/2021,20,21.5,19.1,21.5,9924000,SASN
10/18/2021,20,20,20,20,300,SASN
10/15/2021,20,20,19,19.05,22300,SASN
10/14/2021,20,20,19,19.1,7300,SASN
10/13/2021,19.5,19.5,19,19.15,1100,SASN
12/10/2021,20,20,19,19.85,1700,SASN
08/10/2021,19,19,19,19,3100,SASN
07/10/2021,19.1,19.1,19.1,19.1,1900,SASN
06/10/2021,19.1,19.1,19.1,19.1,1100,SASN
05/10/2021,19.95,19.95,19.95,19.95,600,SASN
04/10/2021,20,20,18.6,19.1,1400,SASN
01/10/2021,20,20.2,20,20,20300,SASN
09/30/2021,20,20,20,20,31200,SASN
09/29/2021,20.25,20.25,20,20.05,1700,SASN
09/28/2021,20.25,20.25,20,20.2,13900,SASN
09/27/2021,20.25,20.25,20,20.25,1100,SASN
09/24/2021,21.2,21.2,20,20.1,1400,SASN
09/23/2021,20,20,20,20,4200,SASN
09/22/2021,19.9,19.95,19.9,19.95,8500,SASN
09/21/2021,19.95,19.95,19.9,19.9,1000,SASN
09/20/2021,20.7,20.7,19.6,19.65,20300,SASN
09/17/2021,20.15,20.15,20,20.15,4200,SASN
09/16/2021,20.7,20.7,20.15,20.3,400,SASN
09/15/2021,21.25,21.25,20.3,20.35,46200,SASN
09/14/2021,20.4,21.4,20.4,20.75,16900,SASN
09/13/2021,20.3,20.5,20.3,20.45,3200,SASN
10/09/2021,19.5,20.3,19.5,20.15,6000,SASN
09/09/2021,19.5,19.5,19.5,19.5,400,SASN
08/09/2021,19,19,18.7,18.8,300,SASN
07/09/2021,18.7,19,18.7,18.7,11100,SASN
06/09/2021,18.7,18.7,18.7,18.7,100,SASN
03/09/2021,18.7,18.7,18.7,18.7,1000,SASN
01/09/2021,18.5,18.5,18.5,18.5,1700,SASN
08/31/2021,18.65,19,18.65,18.7,1300,SASN
08/30/2021,19.95,19.95,19,19.85,1100,SASN
08/27/2021,18.5,19,18.5,18.65,1800,SASN
08/26/2021,19,19,19,19,1200,SASN
08/25/2021,19.95,20,19,19.85,6900,SASN
08/24/2021,20,20,20,20,1300,SASN
08/23/2021,19.95,19.95,19.95,19.95,1000,SASN
08/20/2021,20,20,20,20,1000,SASN
08/19/2021,19.7,19.7,19.7,19.7,1000,SASN
08/18/2021,19,19,19,19,200,SASN
08/17/2021,19,19.95,19,19.9,1700,SASN
08/16/2021,19.75,19.95,19,19.7,2400,SASN
08/13/2021,20,20,19,19.3,2700,SASN
12/08/2021,19.95,20,19.75,19.95,3500,SASN
11/08/2021,19.9,19.9,19.5,19.8,400,SASN
10/08/2021,19.9,20,19.9,19.95,3400,SASN
09/08/2021,19.5,19.5,19.5,19.5,100,SASN
06/08/2021,20,20,20,20,1000,SASN
05/08/2021,19.95,20,19.95,20,4300,SASN
04/08/2021,19.95,19.95,19.95,19.95,100,SASN
03/08/2021,19.95,19.95,19.95,19.95,500,SASN
02/08/2021,19.2,19.5,19.2,19.45,400,SASN
07/30/2021,19.2,19.2,19.2,19.2,300,SASN
07/29/2021,19.5,19.5,19.5,19.5,100,SASN
07/28/2021,19.2,19.2,19.2,19.2,100,SASN
07/27/2021,19.95,19.95,19.95,19.95,300,SASN
07/26/2021,19.5,19.5,19.2,19.5,27100,SASN
07/23/2021,19.15,19.95,19.15,19.45,4800,SASN
07/22/2021,19.95,19.95,19.95,19.95,1000,SASN
07/21/2021,19.15,19.15,19.15,19.15,100,SASN
07/19/2021,19,19.95,19,19.2,1300,SASN
07/16/2021,19,19,19,19,2800,SASN
07/14/2021,19,20,19,19.3,4700,SASN
07/13/2021,19,19,19,19,10000,SASN
12/07/2021,18.95,19,18.95,19,11000,SASN
09/07/2021,19,19.5,18.3,18.95,12700,SASN
08/07/2021,18.95,18.95,18.95,18.95,1900,SASN
06/07/2021,18.05,18.95,18.05,18.3,400,SASN
05/07/2021,18.05,18.05,18.05,18.05,400,SASN
02/07/2021,18.7,18.8,18.1,18.7,24500,SASN
01/07/2021,18,18.8,18,18.15,2300,SASN
06/30/2021,18,18.95,18,18.05,2400,SASN
06/29/2021,18,18,18,18,8900,SASN
06/25/2021,18.5,18.5,18.45,18.5,500,SASN
06/24/2021,18.5,18.5,18.5,18.5,200,SASN
06/23/2021,18.65,18.65,18.65,18.65,100,SASN
06/22/2021,18.6,18.7,18,18.65,5700,SASN
06/21/2021,18.5,18.6,18.5,18.6,600,SASN
06/18/2021,16.8,18,16.8,17.1,11300,SASN
06/17/2021,18,18,16.8,18,18200,SASN
06/16/2021,18,18,18,18,900,SASN
06/15/2021,18,18,18,18,600,SASN
06/14/2021,16.95,16.95,16.8,16.85,400,SASN
10/06/2021,17,17,16.9,16.95,5000,SASN
09/06/2021,16.75,17,16.75,16.9,900,SASN
08/06/2021,18,18,18,18,66000,SASN
07/06/2021,18,18,18,18,1000,SASN
04/06/2021,18.25,18.25,18.25,18.25,300,SASN
03/06/2021,18.5,18.7,18.5,18.65,400,SASN
02/06/2021,18.9,18.9,18.9,18.9,1000,SASN
05/31/2021,18.5,18.5,18.5,18.5,1500,SASN
05/27/2021,18.3,18.3,18.2,18.25,1600,SASN
05/26/2021,18.5,18.5,18.3,18.35,600,SASN
05/24/2021,18.4,18.8,18.2,18.4,3600,SASN
05/21/2021,18.8,18.8,18.5,18.55,1300,SASN
05/19/2021,18.2,18.8,18.2,18.4,3000,SASN
05/18/2021,18.8,18.8,18.6,18.7,200,SASN
05/17/2021,18.8,18.8,18.8,18.8,2100,SASN
05/13/2021,18.8,18.8,18.8,18.8,500,SASN
12/05/2021,18.8,18.8,18.8,18.8,300,SASN
10/05/2021,18.85,18.85,18.85,18.85,100,SASN
07/05/2021,18.5,18.5,18.5,18.5,700,SASN
06/05/2021,18.9,18.9,18.5,18.75,1800,SASN
05/05/2021,18.95,18.95,18.95,18.95,1000,SASN
04/05/2021,17.2,18.05,17.2,17.65,900,SASN
04/30/2021,17.35,18.5,17.35,18.05,2000,SASN
04/29/2021,17.3,17.35,17.3,17.3,6000,SASN
04/28/2021,17.3,17.3,17.3,17.3,500,SASN
04/26/2021,17.85,17.85,17.85,17.85,200,SASN
04/23/2021,18.5,18.5,17.2,17.85,200,SASN
04/22/2021,17.2,18,17.2,17.3,1900,SASN
04/21/2021,17.2,17.2,17.2,17.2,1400,SASN
04/20/2021,18.5,18.5,18,18.25,200,SASN
04/19/2021,17.2,18.5,17,17.2,7700,SASN
04/16/2021,19,19,17.1,18.5,3000,SASN
04/15/2021,18,18.95,18,18.75,5300,SASN
04/14/2021,17.3,17.3,17.15,17.3,70700,SASN
12/04/2021,17.1,17.2,17.1,17.2,1100,SASN
08/04/2021,17.2,17.2,17.2,17.2,81900,SASN
06/04/2021,17.2,17.2,17.2,17.2,2700,SASN
03/31/2021,17.2,17.2,17.2,17.2,2000,SASN
03/30/2021,17.2,17.2,17.2,17.2,1000,SASN
03/29/2021,17,19,17,18.15,5900,SASN
03/26/2021,18.6,18.6,18.6,18.6,2500,SASN
03/25/2021,17.05,17.05,17.05,17.05,1700,SASN
03/24/2021,17.05,17.05,17,17,6200,SASN
03/23/2021,17.05,17.05,17,17.05,26600,SASN
03/19/2021,17,17,17,17,1000,SASN
03/18/2021,17.95,17.95,17.95,17.95,100,SASN
03/17/2021,18,18,18,18,100,SASN
03/16/2021,17,18,17,17.15,8700,SASN
03/15/2021,17,17.5,17,17.05,11000,SASN
12/03/2021,17.5,17.5,17.5,17.5,7000,SASN
10/03/2021,18,18,18,18,5100,SASN
09/03/2021,18,19.9,16.35,17.05,4100,SASN
08/03/2021,18.2,19,18.1,18.15,14700,SASN
03/03/2021,18,18,18,18,300,SASN
01/03/2021,18.15,18.15,18,18,3200,SASN
02/26/2021,18,19,18,18.05,5600,SASN
02/25/2021,19.5,19.5,18,18.15,17100,SASN
02/24/2021,19.5,19.6,19.5,19.55,6700,SASN
02/23/2021,18.5,20,18.5,19.45,7000,SASN
02/22/2021,19.2,19.2,18,18.3,1900,SASN
02/19/2021,18,18,18,18,1000,SASN
02/18/2021,18,18,18,18,5700,SASN
02/17/2021,17.5,18,17.5,17.55,3700,SASN
02/16/2021,18.5,18.5,17.2,17.3,10800,SASN
12/02/2021,18.1,18.5,18.1,18.3,200,SASN
11/02/2021,18.1,18.1,18.1,18.1,100,SASN
10/02/2021,18,18,16.5,18,1292900,SASN
09/02/2021,18,18,16.5,16.55,10400,SASN
08/02/2021,17.3,17.9,16,17.1,1300,SASN
04/02/2021,16.5,16.5,16.5,16.5,24000,SASN
03/02/2021,17,17.85,16.5,17.3,3700,SASN
02/02/2021,17,17,16.5,16.65,2500,SASN
01/02/2021,17.8,17.8,16.6,17,2900,SASN
01/28/2021,17.85,17.85,17.85,17.85,100,SASN
01/27/2021,17,17,16.5,17,252900,SASN
01/26/2021,17.05,17.05,17,17.05,16500,SASN
01/25/2021,17,17.5,17,17,10200,SASN
01/22/2021,17.85,17.85,17,17.05,10700,SASN
01/21/2021,17.85,17.85,16.6,17.35,1200,SASN
01/19/2021,17,17,17,17,400,SASN
01/18/2021,18,18,17.5,17.95,6400,SASN
01/15/2021,17.8,17.8,17.8,17.8,3900,SASN
01/14/2021,17.05,19.8,17,19.55,32800,SASN
01/13/2021,18.95,19,17.85,18.8,2100,SASN
12/01/2021,19.8,19.8,19.8,19.8,100,SASN
11/01/2021,19.85,19.85,19.85,19.85,900,SASN
08/01/2021,19,19,19,19,200,SASN
06/01/2021,19.5,19.5,18.9,18.95,10500,SASN
05/01/2021,19.5,19.5,19.5,19.5,100,SASN
12/31/2020,19.4,19.5,19.4,19.5,5100,SASN
12/29/2020,18.75,18.75,18.75,18.75,100,SASN
12/28/2020,17.2,17.2,17.1,17.1,2100,SASN
12/24/2020,17.6,19.3,17.6,17.9,600,SASN
12/23/2020,17.6,17.6,17.6,17.6,1000,SASN
12/22/2020,17.5,17.5,17.5,17.5,2500,SASN
12/21/2020,17.3,18.65,17.1,17.5,6800,SASN
12/18/2020,17.35,17.35,17.35,17.35,10000,SASN
12/17/2020,17.5,18.65,17.3,17.9,500,SASN
12/16/2020,17.3,17.3,17.3,17.3,100,SASN
12/15/2020,18.65,18.65,17.3,17.55,1000,SASN
12/14/2020,17.2,17.2,17,17,851700,SASN
11/12/2020,17.1,17.1,17.1,17.1,100,SASN
10/12/2020,17.1,17.1,17,17.05,600,SASN
09/12/2020,17.5,17.5,17.5,17.5,2800,SASN
08/12/2020,18,18,18,18,700,SASN
07/12/2020,17.5,17.5,17.5,17.5,300,SASN
03/12/2020,17.3,17.3,17,17.05,600,SASN
02/12/2020,17,17,17,17,3700,SASN
01/12/2020,17.3,17.3,17,17.3,3900,SASN
11/30/2020,17.1,17.3,17.1,17.25,1200,SASN
11/26/2020,17.1,17.3,17,17.05,22500,SASN
11/24/2020,17.1,17.1,17.1,17.1,1000,SASN
11/20/2020,17.1,17.1,17.1,17.1,100,SASN
11/19/2020,17.3,17.3,17.3,17.3,100,SASN
11/18/2020,17.65,17.65,17.3,17.6,500,SASN
11/17/2020,17,17.65,17,17.35,200,SASN
11/16/2020,17.65,18,17.65,17.65,378100,SASN
11/13/2020,17.65,17.65,17.65,17.65,100,SASN
12/11/2020,18,18,18,18,200,SASN
11/11/2020,18.2,18.2,18,18,100800,SASN
10/11/2020,18.2,18.2,18.2,18.2,300,SASN
09/11/2020,18.2,18.2,18.2,18.2,100,SASN
06/11/2020,18.2,18.2,18.2,18.2,100,SASN
04/11/2020,18,18,18,18,300,SASN
10/30/2020,20,20,20,20,100,SASN
10/29/2020,19.6,20,19.6,19.6,5300,SASN
10/28/2020,19,19,19,19,100,SASN
10/27/2020,19.6,19.6,19,19.6,8300,SASN
10/26/2020,19,19.6,19,19.15,400,SASN
10/23/2020,19,19,19,19,1200,SASN
10/21/2020,19,19,19,19,100,SASN
10/16/2020,19,19,19,19,14100,SASN
10/15/2020,19,19,19,19,14600,SASN
10/14/2020,19,19,19,19,300,SASN
10/13/2020,19,19,19,19,100,SASN
12/10/2020,19,19,19,19,400,SASN
09/10/2020,19,19,19,19,100,SASN
07/10/2020,19,19.5,19,19,10100,SASN
06/10/2020,19,19,19,19,360000,SASN
05/10/2020,17.6,17.6,17.6,17.6,500,SASN
02/10/2020,20,20,17.55,18.3,19600,SASN
01/10/2020,19.5,19.5,19.5,19.5,1300,SASN
09/30/2020,19.95,20,19.95,20,2300,SASN
09/24/2020,20,20,20,20,200,SASN
09/23/2020,19,19,19,19,300,SASN
09/22/2020,19,19.75,19,19.45,1100,SASN
09/21/2020,19.5,19.5,19.5,19.5,200,SASN
09/17/2020,20,20,19.5,19.75,1000,SASN
09/16/2020,19.5,19.5,19.5,19.5,300,SASN
09/15/2020,19.1,19.15,19.1,19.15,2200,SASN
09/14/2020,19.1,19.1,19.1,19.1,100,SASN
11/09/2020,19,20,19,19.15,900,SASN
10/09/2020,19.5,19.5,19.5,19.5,6000,SASN
08/09/2020,18,20,18,19.35,30700,SASN
07/09/2020,20,20,18,19.6,500,SASN
04/09/2020,20,20,20,20,39200,SASN
02/09/2020,20,20,20,20,200,SASN
08/31/2020,20,20,20,20,100,SASN
08/28/2020,20,20,17.9,19.95,19100,SASN
08/27/2020,19.65,20,17.8,19.85,10800,SASN
08/25/2020,19.25,20,19.25,19.65,200,SASN
08/24/2020,19,19,19,19,1100,SASN
08/21/2020,18.5,18.65,18.5,18.55,700,SASN
08/20/2020,19,19,18.5,19,21600,SASN
08/18/2020,18.65,18.65,18.65,18.65,3300,SASN
08/17/2020,17,17,17,17,100,SASN
08/14/2020,17,17,17,17,2000,SASN
08/13/2020,17,17,17,17,2100,SASN
12/08/2020,17,17,17,17,800,SASN
11/08/2020,17,17,16.9,16.95,3100,SASN
10/08/2020,17,17,16.9,16.95,400,SASN
07/08/2020,17,17,17,17,1000,SASN
05/08/2020,16.9,16.9,16.9,16.9,8100,SASN
03/08/2020,17,17,16.8,16.8,3000,SASN
07/29/2020,17,18,16.85,17.1,600,SASN
07/28/2020,16.8,16.8,16.8,16.8,4100,SASN
07/27/2020,17.4,17.8,16.8,17.4,2000,SASN
07/24/2020,18,18,16.8,17.15,500,SASN
07/23/2020,17.4,17.4,17.4,17.4,400,SASN
07/22/2020,17.5,18,17.5,17.85,300,SASN
07/21/2020,17.7,17.7,16.4,17.4,2000,SASN
07/20/2020,17.7,17.7,16.4,17.4,400,SASN
07/16/2020,16.3,16.3,16.3,16.3,200,SASN
07/15/2020,16.25,16.25,16.2,16.2,1000,SASN
07/14/2020,16.1,17.5,16.1,16.25,4700,SASN
07/13/2020,16.1,16.1,16.1,16.1,3800,SASN
10/07/2020,16.1,16.1,16,16.1,600,SASN
09/07/2020,16.1,16.1,16.1,16.1,300,SASN
08/07/2020,16,16,16,16,7000,SASN
07/07/2020,17,17.55,17,17.1,6100,SASN
03/07/2020,18.75,18.75,16.1,17.65,400,SASN
06/30/2020,18.5,18.5,17.5,17.8,2900,SASN
06/29/2020,17.3,18.2,17.3,17.55,3600,SASN
06/26/2020,17.75,17.9,17.3,17.75,2900,SASN
06/24/2020,17.65,17.7,16.5,17.3,300,SASN
06/23/2020,17,17.8,17,17.65,500,SASN
06/22/2020,16.5,16.5,16.5,16.5,300,SASN
06/19/2020,16.5,16.5,15.9,16.25,3500,SASN
06/18/2020,16,16,16,16,800,SASN
06/17/2020,17,17,16,16.15,600,SASN
06/16/2020,15.9,15.9,15.9,15.9,100,SASN
06/15/2020,16,17.05,16,16.55,400,SASN
12/06/2020,16.5,16.5,16.5,16.5,400,SASN
11/06/2020,16.95,17,16.5,16.95,29600,SASN
10/06/2020,16.5,16.5,16.5,16.5,400,SASN
09/06/2020,16.9,16.95,16.9,16.95,1200,SASN
08/06/2020,15.9,16.95,15.9,16.5,900,SASN
05/06/2020,16.9,16.9,16.9,16.9,9000,SASN
03/06/2020,15.5,15.5,15.5,15.5,100,SASN
02/06/2020,16.5,16.5,15.1,15.65,1300,SASN
05/29/2020,16.75,16.75,16.75,16.75,2000000,SASN
05/28/2020,16.9,16.9,16.5,16.7,600,SASN
05/26/2020,16.95,16.95,16.5,16.65,3100,SASN
05/22/2020,17,17,16.25,16.5,1000,SASN
05/21/2020,16,16,16,16,70000,SASN
05/20/2020,16,16,16,16,20000,SASN
05/19/2020,16,16.5,14.8,16.05,12100,SASN
05/18/2020,16,16,14.85,16,9500,SASN
05/14/2020,14.85,14.85,14.85,14.85,5100,SASN
05/13/2020,16.35,16.65,16,16.2,3000,SASN
12/05/2020,16.35,16.5,16.35,16.35,9200,SASN
11/05/2020,16.5,16.5,16.5,16.5,100,SASN
08/05/2020,16.5,16.5,16.35,16.5,17600,SASN
07/05/2020,16.5,16.5,16.5,16.5,5400,SASN
06/05/2020,16.5,16.5,15.5,16,400,SASN
05/05/2020,16.5,16.5,16.5,16.5,1000,SASN
04/30/2020,15.5,16.5,15.5,16.1,16100,SASN
04/29/2020,15.7,15.7,15,15.5,10100,SASN
04/28/2020,15.5,15.5,15.5,15.5,2700,SASN
04/27/2020,17.5,17.5,15.5,15.9,2500,SASN
04/24/2020,17,17,17,17,200,SASN
04/23/2020,17,17,17,17,400,SASN
04/20/2020,16.1,16.5,16.1,16.5,24200,SASN
04/16/2020,16.4,16.4,16.1,16.1,9400,SASN
04/15/2020,16.4,16.4,16.4,16.4,500,SASN
04/14/2020,16,16,16,16,200,SASN
09/04/2020,16.5,16.5,16.5,16.5,400,SASN
08/04/2020,16.5,16.5,16.5,16.5,100,SASN
07/04/2020,16.5,16.5,16.3,16.3,1900,SASN
06/04/2020,16.5,16.5,16.5,16.5,1300,SASN
03/04/2020,16.5,16.5,16.5,16.5,100,SASN
03/31/2020,16.5,16.5,16.5,16.5,1200,SASN
03/30/2020,15,16,15,15.5,1400,SASN
03/27/2020,15.5,15.5,15.5,15.5,100,SASN
03/24/2020,16.5,16.5,16.5,16.5,200,SASN
03/23/2020,16.5,16.5,16.5,16.5,1500,SASN
03/20/2020,16.3,16.5,16,16.3,2700,SASN
03/19/2020,16.1,16.5,16.1,16.5,5000,SASN
03/17/2020,15.3,16.5,14.8,16.1,3300,SASN
03/16/2020,15.3,15.3,15.3,15.3,6700,SASN
03/13/2020,16.5,16.5,15.3,16.5,10100,SASN
12/03/2020,15.3,15.7,15,15.3,700,SASN
11/03/2020,15.7,16,15,15.7,1300,SASN
10/03/2020,15.75,15.75,15.7,15.75,14500,SASN
09/03/2020,16,16,16,16,1000,SASN
06/03/2020,15.8,16.2,15.15,15.8,1700,SASN
05/03/2020,16.15,16.5,15.2,16.15,700,SASN
04/03/2020,16.75,17.2,16.5,16.75,900,SASN
03/03/2020,17.4,17.5,17,17.4,2800,SASN
02/03/2020,16.95,17,16.1,16.95,3800,SASN
02/28/2020,16.25,16.5,16.25,16.25,5700,SASN
02/27/2020,17,17,17,17,100,SASN
02/25/2020,16.3,16.3,16.3,16.3,97500,SASN
02/24/2020,16.5,16.5,16.5,16.5,2700,SASN
02/21/2020,16.45,16.5,16.25,16.45,5100,SASN
02/20/2020,16.5,16.5,16.5,16.5,700,SASN
02/19/2020,17.25,17.5,17,17.25,400,SASN
02/18/2020,17.3,17.7,17,17.3,500,SASN
02/17/2020,17.55,17.7,17,17.55,500,SASN
02/14/2020,16.1,17.9,16,16.1,13200,SASN
02/13/2020,16.5,16.5,16.5,16.5,1500,SASN
12/02/2020,16.05,16.5,16,16.05,5300,SASN
10/02/2020,17.2,17.2,17.2,17.2,300,SASN
07/02/2020,16.5,17.2,16.05,16.5,1200,SASN
06/02/2020,17.25,17.45,17.2,17.25,700,SASN
05/02/2020,17.3,17.45,17.2,17.3,200,SASN
04/02/2020,17.45,17.5,17.2,17.45,2600,SASN
03/02/2020,17.5,17.9,17.5,17.5,6300,SASN
01/30/2020,18.4,18.45,17.9,18.4,2300,SASN
01/28/2020,17.8,18,17.5,17.8,500,SASN
01/27/2020,18,18,17.8,18,4100,SASN
01/23/2020,18,18,18,18,200,SASN
01/22/2020,18,18,18,18,700,SASN
01/21/2020,18,18.3,17.8,18,800,SASN
01/20/2020,17.8,17.8,17.8,17.8,7500,SASN
01/17/2020,17.85,18.3,17.8,17.85,3200,SASN
01/16/2020,18.45,18.5,18,18.45,13900,SASN
01/15/2020,17.7,18,17.65,17.7,500,SASN
01/14/2020,17.65,18,17.2,17.65,1300,SASN
01/13/2020,17.35,17.35,17.35,17.35,900,SASN
10/01/2020,17.3,17.35,17.2,17.3,2900,SASN
09/01/2020,17.1,17.3,16.55,17.1,5100,SASN
08/01/2020,16.55,16.55,16.55,16.55,100,SASN
07/01/2020,17.35,17.75,16.55,17.35,300,SASN
06/01/2020,16.25,16.5,16.15,16.25,2000,SASN
03/01/2020,17.15,17.5,16.9,17.15,1200,SASN
02/01/2020,16.15,16.15,16.15,16.15,300,SASN
12/31/2019,16.9,16.9,16.9,16.9,300,SASN
12/30/2019,16.9,16.9,16.9,16.9,100,SASN
12/27/2019,17.7,18,17.4,17.7,400,SASN
12/24/2019,18,18,18,18,200,SASN
12/23/2019,17.5,17.5,17.4,17.5,600,SASN
12/20/2019,17.05,17.5,17,17.05,1400,SASN
12/19/2019,17.1,17.5,17,17.1,1800,SASN
12/18/2019,17.5,17.5,17.5,17.5,1000,SASN
12/17/2019,17.25,17.5,17,17.25,400,SASN
12/16/2019,17,17,17,17,400,SASN
12/13/2019,16.15,17,16,16.15,2300,SASN
11/12/2019,17.2,17.4,17,17.2,400,SASN
10/12/2019,17.05,17.1,17,17.05,7900,SASN
09/12/2019,17.1,17.1,17.1,17.1,300,SASN
06/12/2019,17.1,18,17,17.1,29400,SASN
05/12/2019,17,17.1,17,17,34300,SASN
04/12/2019,17.15,17.15,17.15,17.15,3600,SASN
03/12/2019,17,18,16.5,17,1800,SASN
02/12/2019,16.85,17,16.5,16.85,300,SASN
11/29/2019,17.85,18.35,17,17.85,2000,SASN
11/28/2019,18,18,18,18,100,SASN
11/26/2019,18,18,18,18,400,SASN
11/25/2019,17.2,18.35,16.8,17.2,400,SASN
11/22/2019,16.9,16.9,16.9,16.9,1900,SASN
11/21/2019,18.4,18.5,16.9,18.4,1300,SASN
11/20/2019,16.9,16.9,16.5,16.9,9800,SASN
11/18/2019,15.4,15.4,15.4,15.4,9300,SASN
11/14/2019,16.8,16.8,16.8,16.8,400,SASN
11/13/2019,16.8,16.8,16.8,16.8,300,SASN
12/11/2019,18.2,18.5,16.8,18.2,3900,SASN
11/11/2019,18.1,18.4,16.8,18.1,500,SASN
08/11/2019,17.5,17.5,17.5,17.5,1000,SASN
07/11/2019,18.5,18.65,18,18.5,700,SASN
06/11/2019,17.45,18.65,17.3,17.45,1000,SASN
05/11/2019,17,17.3,17,17,3300,SASN
04/11/2019,15.8,16.1,15.5,15.8,400,SASN
01/11/2019,15.2,17,15,15.2,900,SASN
10/31/2019,16.05,17.05,15.5,16.05,1700,SASN
10/30/2019,15.5,16.5,15,15.5,6400,SASN
10/29/2019,15.75,16.2,15.5,15.75,300,SASN
10/28/2019,16.3,16.45,16.2,16.3,400,SASN
10/25/2019,16.4,16.45,16,16.4,600,SASN
10/24/2019,16.5,16.5,16.5,16.5,400,SASN
10/23/2019,16.5,16.5,16.5,16.5,1700,SASN
10/22/2019,15.35,16.5,15,15.35,2600,SASN
10/18/2019,15.05,16,15,15.05,12400,SASN
10/17/2019,16.6,17.5,16.15,16.6,3700,SASN
10/16/2019,16.5,17.9,16.05,16.5,1300,SASN
10/15/2019,17.8,18.2,17.4,17.8,400,SASN
11/10/2019,17.5,17.5,17.5,17.5,200,SASN
09/10/2019,18.5,18.5,18.5,18.5,100,SASN
08/10/2019,16.85,17.5,16.05,16.85,3800,SASN
07/10/2019,17.15,17.75,17,17.15,400,SASN
04/10/2019,17.55,17.75,17.5,17.55,400,SASN
02/10/2019,17.5,17.5,17.5,17.5,300,SASN
01/10/2019,17.5,17.5,17.5,17.5,100,SASN
09/30/2019,16.25,17,16.05,16.25,500,SASN
09/27/2019,16.2,17.5,16.05,16.2,4000,SASN
09/25/2019,17,17,17,17,1000,SASN
09/24/2019,17.25,17.25,17.25,17.25,100,SASN
09/23/2019,15.85,16,15.7,15.85,400,SASN
09/20/2019,16,16,16,16,700,SASN
09/19/2019,15.7,16,15,15.7,3300,SASN
09/18/2019,15.15,16,15,15.15,3600,SASN
09/17/2019,15.45,16,15,15.45,1700,SASN
09/16/2019,16.5,16.5,16.5,16.5,800,SASN
09/13/2019,16.6,16.6,16.6,16.6,600,SASN
12/09/2019,16.9,16.9,16.9,16.9,300,SASN
11/09/2019,16.4,16.9,15.5,16.4,1400,SASN
10/09/2019,16.9,17,16.8,16.9,200,SASN
09/09/2019,16.85,16.9,16.8,16.85,400,SASN
06/09/2019,17,17,17,17,200,SASN
05/09/2019,17.3,18.5,17,17.3,2700,SASN
04/09/2019,17.1,17.5,16.9,17.1,300,SASN
03/09/2019,17.5,17.5,17.5,17.5,500,SASN
08/30/2019,17.05,17.5,17,17.05,700,SASN
08/29/2019,16.9,16.9,16.9,16.9,300,SASN
08/28/2019,17.25,17.5,16.9,17.25,600,SASN
08/27/2019,17.4,17.5,17.2,17.4,300,SASN
08/26/2019,17,17,17,17,8000,SASN
08/23/2019,17,17.2,17,17,8800,SASN
08/22/2019,17,17,17,17,1000,SASN
08/21/2019,17.05,17.5,17,17.05,600,SASN
08/20/2019,17.5,17.5,17.5,17.5,200,SASN
08/19/2019,17.3,18,17,17.3,300,SASN
08/16/2019,17,17,17,17,400,SASN
08/15/2019,16.8,18,16.65,16.8,1100,SASN
08/14/2019,18.5,19,18,18.5,200,SASN
08/13/2019,18,18,18,18,1100,SASN
09/08/2019,17.95,18,17.95,17.95,2900,SASN
08/08/2019,17.95,18,17.95,17.95,4200,SASN
07/08/2019,18,18,18,18,900,SASN
06/08/2019,18.4,19,18,18.4,500,SASN
05/08/2019,18,18,18,18,100,SASN
02/08/2019,18,18,18,18,100,SASN
01/08/2019,18,18,18,18,3700,SASN
07/31/2019,18,18,18,18,200,SASN
07/30/2019,18,18,18,18,200,SASN
07/29/2019,18,18.1,18,18,700,SASN
07/26/2019,18.1,18.6,18.1,18.1,16400,SASN
07/25/2019,18.1,18.1,18.1,18.1,5100,SASN
07/24/2019,18.15,19,18.1,18.15,9200,SASN
07/23/2019,18.1,18.1,18.1,18.1,600,SASN
07/19/2019,19,19,19,19,700,SASN
07/18/2019,18.6,19,18.5,18.6,10700,SASN
07/17/2019,19,19,19,19,300,SASN
07/16/2019,19.5,19.6,19.5,19.5,700,SASN
07/15/2019,18.5,18.5,18.5,18.5,600,SASN
12/07/2019,19.15,19.5,18.5,19.15,1600,SASN
11/07/2019,19,19,19,19,400,SASN
10/07/2019,19,19,19,19,12200,SASN
09/07/2019,18.95,19,18.5,18.95,2200,SASN
08/07/2019,18.85,19,18.5,18.85,900,SASN
04/07/2019,19,19.4,19,19,1400,SASN
03/07/2019,19.4,19.45,19,19.4,50600,SASN
02/07/2019,19.45,19.45,19.45,19.45,1000,SASN
01/07/2019,19.05,19.5,18.1,19.05,1300,SASN
06/28/2019,18.1,18.7,18.1,18.1,16500,SASN
06/27/2019,18.3,18.7,18,18.3,400,SASN
06/26/2019,18.1,18.1,18.1,18.1,100,SASN
06/25/2019,18.85,19.3,18,18.85,3100,SASN
06/24/2019,18.7,19,17.8,18.7,3700,SASN
06/21/2019,17.8,18.15,17.7,17.8,18600,SASN
06/20/2019,17.7,17.85,17.1,17.7,5900,SASN
06/19/2019,17.55,18.15,17,17.55,10600,SASN
06/18/2019,18.15,18.35,17.85,18.15,12700,SASN
06/17/2019,18.25,18.5,17.45,18.25,17200,SASN
06/14/2019,17.7,17.8,17,17.7,3400,SASN
06/13/2019,17,17.45,16.65,17,2800,SASN
12/06/2019,16.55,16.65,15.25,16.55,23400,SASN
11/06/2019,16.65,16.7,16.25,16.65,2100,SASN
10/06/2019,15.25,16,15,15.25,800,SASN
07/06/2019,14.95,15,14.95,14.95,25900,SASN
06/06/2019,14.55,15,14.5,14.55,1200,SASN
04/06/2019,15,15,15,15,100,SASN
03/06/2019,15,15,15,15,1800,SASN
05/31/2019,14.25,15,14.1,14.25,2500,SASN
05/30/2019,14.25,14.35,14.15,14.25,500,SASN
05/29/2019,14.55,15,14.5,14.55,13100,SASN
05/28/2019,14.35,14.35,14.35,14.35,200,SASN
05/27/2019,14.25,14.25,14.25,14.25,200,SASN
05/24/2019,14.35,14.95,14.1,14.35,1800,SASN
05/23/2019,14.15,14.2,14,14.15,2200,SASN
05/22/2019,14.2,15,14,14.2,1400,SASN
05/21/2019,14.5,14.5,14.5,14.5,100,SASN
05/17/2019,15,15,15,15,1200,SASN
05/16/2019,14.6,15,14.5,14.6,3800,SASN
05/15/2019,14.95,15.5,14.85,14.95,1200,SASN
05/14/2019,15.35,15.5,15,15.35,9900,SASN
05/13/2019,15.65,16.5,15,15.65,900,SASN
10/05/2019,15.6,16,15.5,15.6,3900,SASN
09/05/2019,15,15,15,15,1000,SASN
08/05/2019,15,15.15,15,15,2800,SASN
07/05/2019,15.5,15.5,15.5,15.5,2100,SASN
06/05/2019,16.1,17,16,16.1,1500,SASN
02/05/2019,16,16,16,16,100,SASN
04/30/2019,15.5,15.5,15.5,15.5,100,SASN
04/29/2019,15.6,15.75,15.5,15.6,2200,SASN
04/26/2019,15.75,16,15.2,15.75,1200,SASN
04/25/2019,15.5,15.5,15.5,15.5,23700,SASN
04/24/2019,15.2,15.2,15.2,15.2,300,SASN
04/23/2019,15.15,15.2,15.15,15.15,1300,SASN
04/18/2019,15.2,15.3,15.2,15.2,17300,SASN
04/17/2019,15.05,15.1,15.05,15.05,6900,SASN
04/16/2019,15.15,15.2,15.05,15.15,9700,SASN
04/15/2019,15.05,15.2,15.05,15.05,1800,SASN
12/04/2019,15.2,15.5,15,15.2,86900,SASN
11/04/2019,15.1,15.3,15.05,15.1,13500,SASN
10/04/2019,15.45,15.45,15.45,15.45,200,SASN
09/04/2019,15,15.45,14.5,15,900,SASN
08/04/2019,15.15,15.45,15,15.15,2100,SASN
05/04/2019,15.45,15.5,15.3,15.45,2500,SASN
04/04/2019,15.3,15.7,15.25,15.3,3500,SASN
03/04/2019,16.2,17,15.7,16.2,4400,SASN
02/04/2019,16.9,17.6,16.7,16.9,600,SASN
01/04/2019,16.7,17,16.3,16.7,500,SASN
03/28/2019,16,16,16,16,100,SASN
03/27/2019,15.8,16,15.05,15.8,1900,SASN
03/26/2019,15.05,15.8,15,15.05,25900,SASN
03/25/2019,16.2,16.5,15.8,16.2,3600,SASN
03/22/2019,17.4,17.9,16.5,17.4,25700,SASN
03/21/2019,17.4,18,16.3,17.4,6500,SASN
03/20/2019,16.45,18,16.2,16.45,5500,SASN
03/19/2019,18,18.1,18,18,1200,SASN
03/18/2019,18,18,18,18,100,SASN
03/15/2019,18.4,18.45,17.75,18.4,2500,SASN
03/14/2019,18.05,18.45,17.5,18.05,500,SASN
03/13/2019,18.5,18.5,18.5,18.5,100,SASN
11/03/2019,17.15,18.15,16.15,17.15,15600,SASN
08/03/2019,17,17.05,17,17,2000,SASN
07/03/2019,17.05,17.5,17,17.05,8600,SASN
06/03/2019,17.4,17.4,17.4,17.4,153800,SASN
05/03/2019,17.5,17.55,17.4,17.5,153800,SASN
04/03/2019,17.4,17.5,17,17.4,800,SASN
01/03/2019,17.55,17.95,17.2,17.55,300,SASN
02/28/2019,18.85,19,17.6,18.85,2700,SASN
02/27/2019,17.9,19,17.5,17.9,800,SASN
02/26/2019,19.25,20,18.5,19.25,200,SASN
02/25/2019,18.2,19,18,18.2,1400,SASN
02/22/2019,19.05,20.5,18,19.05,44600,SASN
02/21/2019,19,20,19,19,58100,SASN
02/20/2019,19,20.8,19,19,25200,SASN
02/19/2019,19,19,19,19,93500,SASN
02/18/2019,20.55,20.9,19.75,20.55,400,SASN
02/15/2019,20.65,21.95,20.5,20.65,2900,SASN
02/14/2019,20.1,20.65,19,20.1,16300,SASN
02/13/2019,20.5,20.5,20.5,20.5,200,SASN
12/02/2019,20.55,20.95,20.5,20.55,500,SASN
11/02/2019,20.65,20.95,19.05,20.65,3600,SASN
08/02/2019,19.05,21,19,19.05,9900,SASN
07/02/2019,20.95,20.95,20.95,20.95,400,SASN
06/02/2019,20.95,21,20,20.95,6700,SASN
05/02/2019,20,21,20,20,5500,SASN
04/02/2019,19.1,19.1,19.1,19.1,500,SASN
01/02/2019,20,20,20,20,700,SASN
01/31/2019,19.25,19.65,19,19.25,1400,SASN
01/30/2019,19.25,20,19,19.25,2200,SASN
01/29/2019,19.2,20,19,19.2,2300,SASN
01/28/2019,19.15,19.5,19,19.15,2500,SASN
01/25/2019,19.3,20,17.75,19.3,2300,SASN
01/24/2019,19.65,20,19.65,19.65,4100,SASN
01/23/2019,19.45,19.6,19,19.45,3300,SASN
01/22/2019,19.1,19.6,19,19.1,500,SASN
01/21/2019,19.1,19.5,19.05,19.1,1000,SASN
01/18/2019,19.5,19.65,19.5,19.5,4500,SASN
01/17/2019,19.5,19.5,19.45,19.5,13400,SASN
01/16/2019,19,19.8,19,19,503200,SASN
01/15/2019,19.65,20,19.15,19.65,400,SASN
01/14/2019,19.8,20,19.5,19.8,900,SASN
10/01/2019,19.05,19.05,19.05,19.05,100,SASN
09/01/2019,19.15,20.3,19,19.15,3600,SASN
07/01/2019,20.3,20.75,20,20.3,3500,SASN
04/01/2019,20,20.75,19,20,1200,SASN
03/01/2019,20.75,21,20,20.75,800,SASN
02/01/2019,19.8,21,19,19.8,1000,SASN
12/31/2018,19.9,19.9,19.9,19.9,1800,SASN
12/28/2018,19.85,20,19.8,19.85,300,SASN
12/27/2018,19.1,20,18,19.1,1300,SASN
12/24/2018,19.85,19.9,19.8,19.85,400,SASN
12/21/2018,19.9,19.9,19.9,19.9,100,SASN
12/20/2018,19.85,19.9,19.5,19.85,10700,SASN
12/19/2018,19.7,19.9,19.5,19.7,1200,SASN
12/18/2018,19.9,19.9,19.9,19.9,100,SASN
12/14/2018,19.5,19.5,19.5,19.5,2100,SASN
12/13/2018,19.9,19.9,19.9,19.9,1000,SASN
11/12/2018,19.9,21,19.5,19.9,1100,SASN
10/12/2018,19.95,21,19.1,19.95,180800,SASN
07/12/2018,19.2,19.25,19,19.2,11400,SASN
06/12/2018,19.1,19.5,19,19.1,700,SASN
05/12/2018,19.85,20,19,19.85,700,SASN
04/12/2018,19,19,19,19,3000,SASN
03/12/2018,19,20,19,19,7900,SASN
11/30/2018,19,19,19,19,700,SASN
11/29/2018,21,21,21,21,200,SASN
11/27/2018,20.1,20.25,20,20.1,5600,SASN
11/26/2018,20.25,20.5,20,20.25,1000,SASN
11/23/2018,20.25,21,20,20.25,700,SASN
11/22/2018,21,21,21,21,2900,SASN
11/21/2018,21.25,22,21,21.25,2100,SASN
11/20/2018,21.75,22,21,21.75,9200,SASN
11/16/2018,21,21,21,21,1200,SASN
11/15/2018,21,22,21,21,4900,SASN
11/14/2018,21,21,21,21,500,SASN
11/13/2018,22,22,22,22,400,SASN
12/11/2018,22,22,22,22,2100,SASN
08/11/2018,20,20.25,20,20,2300,SASN
07/11/2018,20,20.5,20,20,2000,SASN
06/11/2018,19.05,20,19,19.05,6600,SASN
05/11/2018,19.45,20,19.3,19.45,8200,SASN
02/11/2018,19.3,20,19,19.3,1500,SASN
01/11/2018,19.5,20,19,19.5,200,SASN
10/31/2018,19,19,19,19,10000,SASN
10/30/2018,19.35,20,18.5,19.35,1700,SASN
10/29/2018,20,20,20,20,3000,SASN
10/26/2018,20,20,20,20,1200,SASN
10/25/2018,19.55,20,19.5,19.55,1100,SASN
10/24/2018,19.4,20,19.25,19.4,2700,SASN
10/23/2018,19.6,19.75,19.5,19.6,2600,SASN
10/22/2018,19.6,19.75,19.5,19.6,400,SASN
10/19/2018,19.75,20.25,19.5,19.75,4300,SASN
10/18/2018,19.85,20.25,19.75,19.85,800,SASN
10/17/2018,19.7,19.75,19.5,19.7,1100,SASN
10/16/2018,19.8,20,19.75,19.8,1400,SASN
10/15/2018,19.75,20,19.5,19.75,200,SASN
12/10/2018,19.65,20.5,19,19.65,2700,SASN
09/10/2018,20.5,21,20.5,20.5,11800,SASN
08/10/2018,20.25,21,20.25,20.25,1400,SASN
05/10/2018,21,22,21,21,2300,SASN
04/10/2018,22.25,22.25,22.25,22.25,400,SASN
03/10/2018,22,22,22,22,600,SASN
02/10/2018,21,21,21,21,2000,SASN
01/10/2018,20.75,21,20.5,20.75,2400,SASN
09/28/2018,20,20,20,20,114400,SASN
09/27/2018,20,20,20,20,21500,SASN
09/26/2018,20,20,20,20,400,SASN
09/25/2018,19.75,20,19,19.75,4600,SASN
09/24/2018,20,20,20,20,1300,SASN
09/21/2018,20,20,20,20,900,SASN
09/20/2018,21,21,21,21,100,SASN
09/19/2018,21,21,21,21,500,SASN
09/18/2018,21.5,21.5,21.5,21.5,100,SASN
09/17/2018,20,21,20,20,1300,SASN
09/14/2018,20.75,21.5,20,20.75,400,SASN
09/13/2018,20.75,21,20.75,20.75,5500,SASN
12/09/2018,21,21,21,21,1900,SASN
11/09/2018,21,21.5,21,21,147400,SASN
10/09/2018,20.75,21,20.75,20.75,25300,SASN
06/09/2018,21.25,21.5,21,21.25,2800,SASN
05/09/2018,21.25,21.5,21,21.25,1700,SASN
04/09/2018,20.75,21,20.75,20.75,7300,SASN
08/31/2018,21,21.25,20.75,21,32700,SASN
08/30/2018,20.5,21,20,20.5,2700,SASN
08/29/2018,21,21,21,21,2300,SASN
08/27/2018,21,21.5,21,21,1700,SASN
08/24/2018,21.25,21.5,21,21.25,600,SASN
08/23/2018,21.5,22,21.5,21.5,2200,SASN
08/22/2018,21.75,21.75,21.75,21.75,300,SASN
08/20/2018,20.75,21,20,20.75,33700,SASN
08/17/2018,21.75,22,21.75,21.75,900,SASN
08/16/2018,22,22,22,22,600,SASN
08/15/2018,21.75,22,21.5,21.75,2500,SASN
08/14/2018,22,22,22,22,600,SASN
10/08/2018,21.25,22,21,21.25,4300,SASN
09/08/2018,21.75,23,21.5,21.75,400,SASN
08/08/2018,21,21.75,21,21,186500,SASN
07/08/2018,21.5,23,21,21.5,2900,SASN
06/08/2018,23,23,23,23,1800,SASN
03/08/2018,21,21,21,21,3921800,SASN
01/08/2018,20.25,20.75,19.5,20.25,5800,SASN
07/31/2018,19.25,20,18.25,19.25,2800,SASN
07/30/2018,20,20.75,20,20,6500,SASN
07/27/2018,20.25,20.25,20.25,20.25,1100,SASN
07/26/2018,20.25,20.25,20.25,20.25,8500,SASN
07/25/2018,20.25,20.75,20.25,20.25,2100,SASN
07/24/2018,20,20.75,20,20,42700,SASN
07/23/2018,20,20,20,20,300,SASN
07/20/2018,20.5,20.5,20.5,20.5,100,SASN
07/19/2018,20.75,21,19,20.75,8400,SASN
07/18/2018,20.75,21,20.5,20.75,13700,SASN
07/17/2018,20.5,21.5,19,20.5,12900,SASN
07/16/2018,21,21.5,21,21,8300,SASN
07/13/2018,21,21,21,21,1100,SASN
12/07/2018,21.25,21.5,21,21.25,2000,SASN
11/07/2018,21,21,21,21,700,SASN
10/07/2018,21,22,20,21,5300,SASN
09/07/2018,21,21,21,21,400,SASN
06/07/2018,21,22,21,21,11300,SASN
05/07/2018,21.5,21.5,21.5,21.5,10000,SASN
04/07/2018,22,22,22,22,100,SASN
03/07/2018,21.25,22,21,21.25,400,SASN
02/07/2018,21.5,21.75,21,21.5,300,SASN
06/29/2018,21.25,22,21,21.25,1400,SASN
06/28/2018,22,22,22,22,17800,SASN
06/27/2018,21.25,22,21.25,21.25,50700,SASN
06/26/2018,22,23,22,22,10700,SASN
06/25/2018,21.25,23,21,21.25,69800,SASN
06/22/2018,22,22.75,21,22,5400,SASN
06/21/2018,22.75,23.5,22,22.75,31500,SASN
06/20/2018,22.5,23,22,22.5,1600,SASN
06/19/2018,23,24,22.25,23,2900,SASN
06/18/2018,23.25,23.25,23.25,23.25,2100,SASN
06/14/2018,23.25,24,22,23.25,11700,SASN
06/13/2018,22.25,23,22,22.25,18200,SASN
12/06/2018,22.5,23,22.5,22.5,100900,SASN
11/06/2018,23,24,23,23,4200,SASN
08/06/2018,23,24,23,23,3200,SASN
06/06/2018,23.5,24,23,23.5,300,SASN
05/06/2018,23,23,23,23,11000,SASN
04/06/2018,23.25,23.25,23.25,23.25,700,SASN
05/31/2018,23.25,24,22.75,23.25,3300,SASN
05/30/2018,22.25,23.75,22,22.25,2100,SASN
05/29/2018,22.75,23,22.75,22.75,41400,SASN
05/28/2018,23.75,24,23,23.75,400,SASN
05/25/2018,23.5,24,23.25,23.5,600,SASN
05/24/2018,24,25.25,24,24,2200,SASN
05/23/2018,23.5,24,22.5,23.5,300,SASN
05/22/2018,22.5,23,22.5,22.5,58300,SASN
05/21/2018,22.5,24,22.5,22.5,2100,SASN
05/18/2018,24.75,24.75,24.75,24.75,100,SASN
05/17/2018,24,24.75,24,24,16000,SASN
05/16/2018,24,24,24,24,100,SASN
05/15/2018,24,24.25,24,24,5000,SASN
05/14/2018,24.75,25,24.5,24.75,2200,SASN
11/05/2018,25,25,25,25,900,SASN
10/05/2018,25,25.25,24.75,25,600,SASN
09/05/2018,24.75,25,24.75,24.75,2600,SASN
08/05/2018,25,25.25,25,25,1400,SASN
07/05/2018,24.5,25.25,24.5,24.5,2300,SASN
02/05/2018,25,25,25,25,2600,SASN
04/30/2018,25,25,25,25,500,SASN
04/27/2018,25,25,25,25,1100,SASN
04/26/2018,25,25,25,25,100,SASN
04/25/2018,24.5,25,24.25,24.5,2000,SASN
04/24/2018,24.5,24.5,24.5,24.5,100,SASN
04/23/2018,25,25,25,25,300,SASN
04/20/2018,24.5,24.75,24.5,24.5,600,SASN
04/19/2018,24.75,25,24.75,24.75,1500,SASN
04/18/2018,25,25,25,25,9000,SASN
04/17/2018,25,25.5,25,25,14100,SASN
04/16/2018,25.25,26,25.25,25.25,1100,SASN
04/13/2018,25.25,25.25,25.25,25.25,200,SASN
11/04/2018,25.5,26,25.25,25.5,2500,SASN
10/04/2018,25.25,26,25.25,25.25,40400,SASN
09/04/2018,25.5,25.5,25.5,25.5,200,SASN
06/04/2018,25,25,25,25,1500,SASN
05/04/2018,24.75,25,24.75,24.75,4300,SASN
04/04/2018,24.75,25,24.5,24.75,8300,SASN
03/04/2018,24.5,25,24.5,24.5,400,SASN
03/29/2018,25,26,25,25,492700,SASN
03/28/2018,25,25.25,25,25,53400,SASN
03/27/2018,25,25.25,25,25,15900,SASN
03/26/2018,25.5,26,24.75,25.5,5700,SASN
03/23/2018,25,25.25,25,25,3600,SASN
03/22/2018,25,25.25,25,25,2200,SASN
03/21/2018,25,26,25,25,20300,SASN
03/20/2018,26,26,26,26,5300,SASN
03/19/2018,25.5,25.5,25.5,25.5,1000,SASN
03/16/2018,25.25,25.25,25.25,25.25,20000,SASN
03/15/2018,25,25.5,25,25,2200,SASN
03/14/2018,24.5,25,24.5,24.5,3400,SASN
03/13/2018,25,25.5,25,25,8200,SASN
12/03/2018,24.5,25.5,24.5,24.5,5600,SASN
09/03/2018,25,25.75,24.5,25,9400,SASN
08/03/2018,25.5,26.25,25.5,25.5,20200,SASN
07/03/2018,26,26.25,26,26,5000,SASN
06/03/2018,26,26.25,25.5,26,900,SASN
05/03/2018,25,27,25,25,61100,SASN
02/03/2018,27,27.25,26.5,27,2600,SASN
01/03/2018,27,27,27,27,10300,SASN
02/28/2018,26.75,27,26,26.75,22900,SASN
02/27/2018,26.25,26.5,26,26.25,14800,SASN
02/26/2018,26.25,27,25,26.25,1900,SASN
02/23/2018,26.25,27.25,25.5,26.25,5600,SASN
02/22/2018,25.75,26,25.5,25.75,3500,SASN
02/21/2018,25.5,25.5,25.5,25.5,1100,SASN
02/20/2018,26.5,27,25.5,26.5,2100,SASN
02/19/2018,26.5,27,25,26.5,4700,SASN
02/16/2018,26.25,26.5,25,26.25,6400,SASN
02/15/2018,25,26.5,24.5,25,4800,SASN
02/14/2018,24.5,26.25,24.5,24.5,15700,SASN
02/13/2018,26.75,27,26.25,26.75,2600,SASN
12/02/2018,26.25,26.25,26.25,26.25,2100,SASN
09/02/2018,26.25,27,26,26.25,1400,SASN
08/02/2018,26.5,26.5,26.5,26.5,300,SASN
07/02/2018,25,26.5,25,25,13400,SASN
06/02/2018,26,26.5,26,26,15100,SASN
05/02/2018,26,26.75,26,26,4700,SASN
02/02/2018,26.5,26.75,25.75,26.5,2200,SASN
01/02/2018,26.25,26.5,25.25,26.25,5300,SASN
01/31/2018,26,26,26,26,48000,SASN
01/30/2018,26,26.5,26,26,3800,SASN
01/29/2018,26.25,26.75,26.25,26.25,3400,SASN
01/26/2018,26.25,27,25.5,26.25,18700,SASN
01/25/2018,25.5,26,25.5,25.5,24100,SASN
01/24/2018,25.5,26.5,25.25,25.5,1600,SASN
01/23/2018,25.25,26.5,25,25.25,22600,SASN
01/22/2018,25,26.5,25,25,27100,SASN
01/19/2018,26.75,27,26.5,26.75,4200,SASN
01/18/2018,27.25,27.75,27,27.25,8100,SASN
01/16/2018,26,27,25.75,26,4100,SASN
01/15/2018,25.5,26.5,25.5,25.5,4300,SASN
12/01/2018,25.25,26,25,25.25,2800,SASN
11/01/2018,27,27.75,25.25,27,3000,SASN
10/01/2018,27.75,28,27.25,27.75,11500,SASN
09/01/2018,28,29.5,27,28,18000,SASN
08/01/2018,27,27.75,27,27,1600,SASN
05/01/2018,26,26,26,26,200,SASN
04/01/2018,26.75,27,25.75,26.75,10500,SASN
03/01/2018,25,26.75,25,25,1300,SASN
02/01/2018,27,27.5,27,27,300,SASN
12/29/2017,29.5,30,29.5,29.5,2600,SASN
12/28/2017,31.25,32,30,31.25,700,SASN
12/22/2017,29.25,30,29,29.25,1600,SASN
12/21/2017,27.75,31,26.25,27.75,700,SASN
12/20/2017,28.25,31,26,28.25,5100,SASN
12/19/2017,28.5,30,28,28.5,2900,SASN
12/18/2017,28,28,28,28,2400,SASN
12/15/2017,27,27,27,27,2800,SASN
12/14/2017,26,27,26,26,104600,SASN
12/13/2017,27,27,27,27,100,SASN
11/12/2017,25.75,27,24.75,25.75,98500,SASN
08/12/2017,25.75,26.25,25,25.75,6400,SASN
07/12/2017,26.25,26.5,25.25,26.25,5200,SASN
06/12/2017,25.75,26,24.5,25.75,152000,SASN
05/12/2017,25.5,26.25,24,25.5,39900,SASN
04/12/2017,25.75,26.25,25,25.75,300,SASN
01/12/2017,26.25,26.25,26.25,26.25,2400,SASN
11/30/2017,24.5,26,24.5,24.5,27500,SASN
11/29/2017,26.25,26.25,26.25,26.25,200,SASN
11/27/2017,26,26.25,25.25,26,3100,SASN
11/22/2017,26.5,26.75,25.25,26.5,1300,SASN
11/21/2017,27,27,27,27,11200,SASN
11/20/2017,26.75,27,24.5,26.75,34000,SASN
11/17/2017,25,26.5,24,25,5500,SASN
11/16/2017,25.5,25.5,25.5,25.5,1300,SASN
11/15/2017,25.5,26,25,25.5,3300,SASN
11/14/2017,26,27,26,26,100600,SASN
11/13/2017,26.25,26.5,26,26.25,4200,SASN
10/11/2017,26.5,27,26,26.5,200,SASN
08/11/2017,26,27.5,26,26,1022100,SASN
07/11/2017,27.75,28.5,26.75,27.75,1500,SASN
06/11/2017,26.75,26.75,26.75,26.75,4400,SASN
03/11/2017,26.75,27,26,26.75,133100,SASN
02/11/2017,26,27,26,26,2100,SASN
10/31/2017,26.75,27,26.75,26.75,1500,SASN
10/30/2017,26,26,26,26,6400,SASN
10/27/2017,26,26,26,26,1600,SASN
10/24/2017,26,26,26,26,200,SASN
10/23/2017,25,25,25,25,1200,SASN
10/19/2017,26,26,26,26,400,SASN
10/18/2017,27.25,27.5,26.5,27.25,54900,SASN
10/17/2017,25.5,25.5,25.5,25.5,400,SASN
10/16/2017,26,26,26,26,2100,SASN
10/13/2017,26.25,26.5,26.25,26.25,16900,SASN
12/10/2017,26.5,26.5,26.5,26.5,100,SASN
11/10/2017,25,25,25,25,3700,SASN
10/10/2017,26.75,27.5,25,26.75,13700,SASN
09/10/2017,26.75,26.75,26.75,26.75,200,SASN
06/10/2017,25,25,25,25,400,SASN
05/10/2017,25,25,25,25,100,SASN
04/10/2017,24,26.25,24,24,3200,SASN
03/10/2017,26.25,26.25,26.25,26.25,1100,SASN
02/10/2017,24.25,25,24,24.25,5800,SASN
09/29/2017,26.5,26.5,26.5,26.5,2900,SASN
09/28/2017,25.25,26,24.25,25.25,600,SASN
09/27/2017,26,26.5,26,26,1500,SASN
09/26/2017,26.5,26.5,26.5,26.5,300,SASN
09/25/2017,25.5,26.5,25.5,25.5,4600,SASN
09/22/2017,26.25,26.5,26.25,26.25,600,SASN
09/21/2017,25.5,26.25,24.5,25.5,9200,SASN
09/20/2017,25.75,26.5,25,25.75,3100,SASN
09/19/2017,26.5,26.75,26,26.5,12400,SASN
09/18/2017,26.25,26.5,25.25,26.25,2400,SASN
09/15/2017,26.5,26.75,26.5,26.5,5000,SASN
09/14/2017,26.25,26.5,26,26.25,500,SASN
09/13/2017,26.5,26.75,25.25,26.5,15900,SASN
12/09/2017,26.5,26.75,26,26.5,5300,SASN
11/09/2017,26.5,26.75,26.5,26.5,200,SASN
08/09/2017,25.25,25.25,25.25,25.25,100,SASN
07/09/2017,23,23.25,23,23,5200,SASN
06/09/2017,23,24,23,23,1200,SASN
05/09/2017,23.25,24,23.25,23.25,1500,SASN
04/09/2017,24.25,26.5,22.5,24.25,800,SASN
01/09/2017,25,26.75,24.5,25,6600,SASN
08/31/2017,26.75,27,26,26.75,11000,SASN
08/30/2017,27,27,27,27,200,SASN
08/29/2017,26.5,27,26.25,26.5,500,SASN
08/28/2017,27,27,27,27,100,SASN
08/25/2017,26.5,27,26.25,26.5,600,SASN
08/24/2017,26.75,26.75,26.75,26.75,100,SASN
08/23/2017,25.75,26.75,25.75,25.75,1100,SASN
08/22/2017,25.75,26,25.75,25.75,900,SASN
08/21/2017,26.75,27,25.75,26.75,10600,SASN
08/18/2017,26,27,25.25,26,3000,SASN
08/17/2017,26.5,27,25,26.5,30700,SASN
08/16/2017,25.5,26.5,25,25.5,17500,SASN
08/15/2017,25.75,26.5,25,25.75,5600,SASN
08/14/2017,24.5,24.5,24.5,24.5,1700,SASN
11/08/2017,26,26.5,24.5,26,1600,SASN
10/08/2017,27,27,27,27,100,SASN
09/08/2017,26.5,27,25,26.5,600,SASN
07/08/2017,27,27,27,27,100,SASN
04/08/2017,25.25,25.25,25.25,25.25,100,SASN
03/08/2017,25.25,25.5,24.5,25.25,27100,SASN
02/08/2017,25,26.75,25,25,4900,SASN
01/08/2017,24.5,27,24.5,24.5,20800,SASN
07/31/2017,25.25,25.25,25.25,25.25,8500,SASN
07/28/2017,27,27.5,26.5,27,900,SASN
07/27/2017,27,27,26,27,25100,SASN
07/26/2017,25.25,25.25,25.25,25.25,11900,SASN
07/25/2017,26,26.75,25,26,107000,SASN
07/24/2017,25.5,25.75,25,25.5,18800,SASN
07/21/2017,25,26,25,25,6900,SASN
07/20/2017,25.75,25.75,25.75,25.75,400,SASN
07/19/2017,25.5,26.5,25.5,25.5,1700,SASN
07/18/2017,26.25,26.5,25.5,26.25,400,SASN
07/17/2017,25,25.5,25,25,10500,SASN
07/14/2017,26.5,26.5,26.5,26.5,100,SASN
07/13/2017,25.5,26.5,25.25,25.5,400,SASN
12/07/2017,25.25,26.75,25,25.25,2900,SASN
11/07/2017,24.75,25,24.25,24.75,8700,SASN
10/07/2017,25,27,24,25,10600,SASN
07/07/2017,26.5,27,25,26.5,1100,SASN
06/07/2017,25.5,27,25,25.5,10100,SASN
05/07/2017,25.25,26,25,25.25,28500,SASN
04/07/2017,25.5,27.25,25.5,25.5,3000,SASN
03/07/2017,26.5,27.25,25.5,26.5,1200,SASN
06/30/2017,26.5,27.5,26.5,26.5,3000,SASN
06/29/2017,26.5,27.5,26.5,26.5,1200,SASN
06/28/2017,26.5,27.25,26.5,26.5,6100,SASN
06/27/2017,26.5,27.5,26.5,26.5,3300,SASN
06/23/2017,27.5,27.5,27.5,27.5,900,SASN
06/22/2017,26.5,27.25,26.5,26.5,2200,SASN
06/21/2017,26.25,26.5,25,26.25,2700,SASN
06/20/2017,26.5,27.5,24.75,26.5,6300,SASN
06/19/2017,25.75,26.5,25.75,25.75,5200,SASN
06/16/2017,25.75,26.5,25.75,25.75,1600,SASN
06/15/2017,26,27,25.75,26,4900,SASN
06/14/2017,26,26.5,25.75,26,3400,SASN
06/13/2017,25.5,26.5,25.5,25.5,6700,SASN
12/06/2017,26.5,26.5,26.5,26.5,500,SASN
09/06/2017,26,26.5,26,26,2400,SASN
08/06/2017,26.25,26.5,25.75,26.25,700,SASN
07/06/2017,25.5,25.75,25.5,25.5,500,SASN
06/06/2017,25.75,27,25.5,25.75,800,SASN
05/06/2017,27.25,27.75,25.5,27.25,11000,SASN
02/06/2017,27.25,27.5,25.5,27.25,78000,SASN
05/31/2017,25.5,25.5,25.5,25.5,16000,SASN
05/30/2017,25.5,26,25.5,25.5,13800,SASN
05/29/2017,28,28,26.25,28,125800,SASN
05/26/2017,27.5,28,26.5,27.5,32300,SASN
05/25/2017,27.5,27.75,27,27.5,12600,SASN
05/24/2017,27.75,27.75,27.75,27.75,100,SASN
05/23/2017,26.75,27.5,25.25,26.75,32700,SASN
05/22/2017,25.75,27.5,25.25,25.75,3700,SASN
05/19/2017,26.25,27.25,25,26.25,3700,SASN
05/18/2017,25,25,25,25,2200,SASN
05/17/2017,25.25,27.5,25,25.25,10500,SASN
05/16/2017,25.25,27,25,25.25,13500,SASN
05/15/2017,25.75,26,25.25,25.75,35900,SASN
12/05/2017,27.25,27.5,25.25,27.25,51800,SASN
11/05/2017,25.5,26.75,25.5,25.5,8300,SASN
10/05/2017,25.5,26,25.5,25.5,2000,SASN
09/05/2017,26,26.75,26,26,8100,SASN
08/05/2017,26.75,27.5,26,26.75,2800,SASN
05/05/2017,26,27.5,26,26,7500,SASN
04/05/2017,27.25,27.75,26,27.25,700,SASN
03/05/2017,26.75,27.75,26,26.75,8000,SASN
02/05/2017,27.25,27.75,25.75,27.25,43200,SASN
04/28/2017,27,28,25.75,27,1600,SASN
04/27/2017,27,27.75,25.75,27,17700,SASN
04/26/2017,27.5,27.75,25,27.5,2100,SASN
04/25/2017,26.75,27.75,24.75,26.75,30900,SASN
04/21/2017,27,28,25.25,27,9100,SASN
04/20/2017,28,28,28,28,24300,SASN
04/19/2017,26,26.25,24.25,26,10100,SASN
04/18/2017,24,26.5,24,24,7300,SASN
04/13/2017,24.5,24.5,24.5,24.5,100,SASN
12/04/2017,26.5,27,26.5,26.5,3400,SASN
11/04/2017,27.75,28,24.5,27.75,2130200,SASN
10/04/2017,25.5,26,24,25.5,276600,SASN
07/04/2017,24.25,25.5,24,24.25,20300,SASN
06/04/2017,24.25,25.5,24,24.25,1700,SASN
05/04/2017,26,26,25.75,26,5800,SASN
04/04/2017,25.5,26,23.75,25.5,18500,SASN
03/04/2017,25.75,26.5,23.75,25.75,4300,SASN
03/31/2017,26,26.5,25,26,96800,SASN
03/30/2017,24.25,24.25,24.25,24.25,17200,SASN
03/29/2017,24.25,26,24,24.25,2100,SASN
03/28/2017,23.75,24,23,23.75,31200,SASN
03/27/2017,22.75,23,22.5,22.75,9500,SASN
03/24/2017,22.5,24,22.5,22.5,12200,SASN
03/23/2017,23.5,23.75,22.5,23.5,47400,SASN
03/22/2017,21.75,22,21.75,21.75,1300,SASN
03/21/2017,22,22.5,20,22,4200,SASN
03/20/2017,21.75,22,21.75,21.75,400,SASN
03/17/2017,21.75,22,20.75,21.75,78700,SASN
03/16/2017,21.5,22,20.75,21.5,12700,SASN
03/15/2017,21.25,22,21,21.25,12100,SASN
03/14/2017,21.25,22,20,21.25,207500,SASN
03/13/2017,20.75,20.75,19.6,20.75,110000,SASN
10/03/2017,20.25,20.5,20.25,20.25,400,SASN
09/03/2017,20.75,21,20.5,20.75,32800,SASN
08/03/2017,20.25,20.25,20.25,20.25,7000,SASN
07/03/2017,20.75,21.25,20,20.75,31600,SASN
06/03/2017,20.25,20.75,20.25,20.25,30100,SASN
02/03/2017,19,19,19,19,10000,SASN
01/03/2017,18.6,18.6,18.6,18.6,200,SASN
02/28/2017,20,20,20,20,300,SASN
02/27/2017,20.5,21.25,20,20.5,2200,SASN
02/24/2017,20.75,21,20.5,20.75,6800,SASN
02/23/2017,20.5,21.75,20.25,20.5,1000,SASN
02/22/2017,20.75,22,20.75,20.75,100200,SASN
02/21/2017,21,21.25,18.6,21,54100,SASN
02/20/2017,19.85,20.5,18.6,19.85,3400,SASN
02/17/2017,18.65,20,18.5,18.65,9000,SASN
02/16/2017,20,20.5,20,20,77400,SASN
02/15/2017,19.9,20.25,19,19.9,66700,SASN
02/14/2017,19.35,19.6,19,19.35,40200,SASN
02/13/2017,20,20.25,20,20,2700,SASN
10/02/2017,19.95,20.25,19.5,19.95,51800,SASN
09/02/2017,20,20,18.5,20,274800,SASN
08/02/2017,18.5,19.4,17.6,18.5,317700,SASN
07/02/2017,17.8,18.5,17.65,17.8,4500,SASN
06/02/2017,17.8,18.1,17.6,17.8,500,SASN
03/02/2017,19.2,19.2,19.2,19.2,1000,SASN
02/02/2017,19,19,19,19,200,SASN
01/02/2017,18.65,19,18.5,18.65,300,SASN
01/31/2017,18,18,18,18,1300,SASN
01/30/2017,17.6,17.85,17.6,17.6,19400,SASN
01/27/2017,17.6,18,17.6,17.6,9600,SASN
01/26/2017,17.5,17.6,17.5,17.5,93300,SASN
01/25/2017,17.6,18,17.5,17.6,2300,SASN
01/24/2017,17.55,19.1,17.5,17.55,12600,SASN
01/23/2017,17.45,19.4,17,17.45,500,SASN
01/20/2017,17.7,18.2,17.5,17.7,1500,SASN
01/18/2017,18.2,18.2,18.2,18.2,800,SASN
01/17/2017,17.5,17.55,17.5,17.5,2500,SASN
01/16/2017,18.2,19.4,18,18.2,600,SASN
01/13/2017,18.25,19.5,17.9,18.25,1400,SASN
12/01/2017,20,20,20,20,1100,SASN
11/01/2017,19.45,19.5,19,19.45,7600,SASN
10/01/2017,19.85,20.75,19.5,19.85,4300,SASN
09/01/2017,20.25,20.75,20,20.25,1100,SASN
06/01/2017,20.75,21,19.5,20.75,69900,SASN
05/01/2017,20.25,21,20,20.25,1000,SASN
04/01/2017,19.85,21,19.5,19.85,3400,SASN
03/01/2017,19.9,21,19.2,19.9,4900,SASN
